date	promotion_bucket	comparison_owner	bullish_pocket	bullish_pocket_confirmed	bullish_pocket_label	above_200dma_flag	slope_60	drawdown_20	live_probability	shadow_probability	confidence_gap_delta	future_return_20d	future_return_60d
2021-04-26	live_selected_shadow_idle	live	True	True	above_200dma_and_slope_60_positive	1.0	0.0018970095942666336	-0.0811	0.4551	0.4981	-0.0026	-0.0562385589476716	-0.12124310496914714
2021-04-27	live_selected_shadow_idle	live	True	True	above_200dma_and_slope_60_positive	1.0	0.0022271207140529105	-0.0641	0.462	0.4985	-0.0092	-0.09199637616548473	-0.15571205508310337
2021-04-29	live_selected_shadow_idle	live	True	True	above_200dma_and_slope_60_positive	1.0	0.001265733482912538	-0.0788	0.4566	0.4983	-0.0039	-0.046899811127861235	-0.13354525133856632
2021-04-30	live_selected_shadow_idle	live	True	True	above_200dma_and_slope_60_positive	1.0	0.0014053603061196926	-0.0996	0.4618	0.4982	-0.0092	-0.022423612315776942	-0.1376786164300834
2021-05-14	live_selected_shadow_idle	live	True	False	above_200dma	1.0	-0.0017530815023109418	-0.1094	0.4582	0.4984	-0.0054	0.0099121825066113	-0.04755324255023574
2021-05-19	live_selected_shadow_idle	live	True	False	above_200dma	1.0	-0.001646597063759625	-0.1065	0.4558	0.4983	-0.0031	0.008882760937843681	-0.1127236594749148
2021-05-24	live_selected_shadow_idle	live	True	False	above_200dma	1.0	-0.0016505282252088952	-0.0733	0.4566	0.4984	-0.0038	-0.0632086582306487	-0.14813025999117047
2021-07-07	live_selected_shadow_idle	live	True	False	above_200dma	1.0	-0.0033423798138614885	-0.0795	0.4587	0.4983	-0.0061	0.04806957399069023	-0.09255941895655795
2021-07-12	live_selected_shadow_idle	live	True	False	above_200dma	1.0	-0.002104895313715775	-0.0638	0.4561	0.4982	-0.0035	0.008169954070199603	-0.11387629256676779
2021-07-14	live_selected_shadow_idle	live	True	False	above_200dma	1.0	-0.0019835654319579157	-0.0764	0.4562	0.4982	-0.0036	-0.04408203820412859	-0.10128675200170767
2021-08-16	live_selected_shadow_idle	live	False	False	outside_bullish_pocket	0.0	-0.0022393215506066435	-0.135	0.4575	0.4982	-0.0049	0.03609188703763411	0.0656985198458373
2021-08-25	live_selected_shadow_idle	live	False	False	outside_bullish_pocket	0.0	-0.002133257311650934	-0.0971	0.4827	0.4994	-0.029	0.0	0.0402484561141343
2021-11-19	shadow_blocked_live_selected	live	True	True	above_200dma_and_slope_60_positive	1.0	0.0021983039557287904	0.0	0.5096	0.5012	-0.0541	-0.012043839753124841	0.15693121728126336
2021-11-22	shadow_blocked_live_selected	live	True	True	above_200dma_and_slope_60_positive	1.0	0.0020847275969444468	0.0	0.5283	0.5015	-0.0725	0.08132601532538475	0.11769619216248484
2021-11-23	shadow_blocked_live_selected	live	True	True	above_200dma_and_slope_60_positive	1.0	0.00258023932093406	0.0	0.5191	0.5012	-0.0636	0.05772149004096527	0.06310735462524764
2021-11-24	live_selected_shadow_idle	live	True	True	above_200dma_and_slope_60_positive	1.0	0.0026130568635774824	0.0	0.5063	0.5005	-0.0515	0.09523256201903108	0.05057418694645177
2021-11-26	live_selected_shadow_idle	live	True	True	above_200dma_and_slope_60_positive	1.0	0.0020602319576451017	-0.0324	0.5021	0.4999	-0.0478	0.1319827664576616	0.04663149694357771
2021-11-30	live_selected_shadow_idle	live	True	True	above_200dma_and_slope_60_positive	1.0	0.0021553768023042726	-0.0256	0.4964	0.4999	-0.0422	0.14488093058268237	0.07261902945382248
2021-12-01	live_selected_shadow_idle	live	True	True	above_200dma_and_slope_60_positive	1.0	0.002420434615867147	-0.0123	0.5101	0.5006	-0.0552	0.10264236884497602	0.04357015875501902
2021-12-17	live_selected_shadow_idle	live	True	True	above_200dma_and_slope_60_positive	1.0	0.0019039184620999036	-0.0372	0.4649	0.4988	-0.0118	0.11891569574195215	-0.04012050398861067
2021-12-20	live_selected_shadow_idle	live	True	True	above_200dma_and_slope_60_positive	1.0	0.0017057406201257989	-0.0485	0.4586	0.4984	-0.0059	0.09715959209199254	-0.018407925864940666
2021-12-21	shadow_blocked_live_selected	live	True	True	above_200dma_and_slope_60_positive	1.0	0.003124193113490703	0.0	0.5094	0.5016	-0.0535	-0.06186590859584895	-0.12428315621016983
2021-12-22	live_selected_shadow_idle	live	True	True	above_200dma_and_slope_60_positive	1.0	0.00352919906346029	-0.0037	0.5098	0.5006	-0.0549	-0.09309272054051987	-0.1327208141444285
2021-12-23	both_selected	shared	True	True	above_200dma_and_slope_60_positive	1.0	0.004601655450877932	0.0	0.533	0.5019	-0.0767	-0.12147851560195855	-0.16204189492767263
2021-12-27	shadow_blocked_live_selected	live	True	True	above_200dma_and_slope_60_positive	1.0	0.00475767713323864	0.0	0.5261	0.5013	-0.0705	-0.14518690077480811	-0.19887746180879262
2021-12-28	live_selected_shadow_idle	live	True	True	above_200dma_and_slope_60_positive	1.0	0.004490252632769283	-0.0158	0.5155	0.5006	-0.0605	-0.11803314969374068	-0.15848937992249446
2021-12-29	shadow_blocked_live_selected	live	True	True	above_200dma_and_slope_60_positive	1.0	0.005146733504866171	0.0	0.5105	0.5009	-0.0552	-0.18144948820303752	-0.18789643380339882
2021-12-30	live_selected_shadow_idle	live	True	True	above_200dma_and_slope_60_positive	1.0	0.004775186132525396	-0.0237	0.5085	0.5004	-0.0538	-0.15571416382599224	-0.1494301722281587
2021-12-31	live_selected_shadow_idle	live	True	True	above_200dma_and_slope_60_positive	1.0	0.0047762224481015785	-0.0314	0.4955	0.4999	-0.0413	-0.11680090933535647	-0.11916262256890353
2022-01-03	live_selected_shadow_idle	live	True	True	above_200dma_and_slope_60_positive	1.0	0.005092678171233504	-0.0044	0.5042	0.5003	-0.0495	-0.14934729035778394	-0.1732636693252284
2022-01-04	shadow_blocked_live_selected	live	True	True	above_200dma_and_slope_60_positive	1.0	0.005294591066115961	0.0	0.509	0.5006	-0.054	-0.12279421477419561	-0.19150921371776908
2022-01-05	live_selected_shadow_idle	live	True	True	above_200dma_and_slope_60_positive	1.0	0.005170853891218445	-0.0201	0.4991	0.5001	-0.0447	-0.1316737299179832	-0.1930084843876647
2022-01-20	live_selected_shadow_idle	live	True	True	above_200dma_and_slope_60_positive	1.0	0.003547537196964523	-0.1262	0.4573	0.4982	-0.0048	0.10179856228019069	-0.16362993086729993
2022-01-26	live_selected_shadow_idle	live	True	True	above_200dma_and_slope_60_positive	1.0	0.0028466438810928513	-0.1581	0.466	0.4987	-0.013	0.08368916076847555	-0.1532267582231227
2022-01-31	live_selected_shadow_idle	live	True	True	above_200dma_and_slope_60_positive	1.0	0.0023968610204702905	-0.155	0.4678	0.4988	-0.0146	0.04849891401448514	-0.19205051740688117
2022-02-02	live_selected_shadow_idle	live	True	True	above_200dma_and_slope_60_positive	1.0	0.0024584495189038454	-0.132	0.4704	0.4991	-0.017	0.055259709512458066	-0.1931132325439575
2022-02-03	live_selected_shadow_idle	live	True	True	above_200dma_and_slope_60_positive	1.0	0.001579153398730974	-0.1581	0.4835	0.4992	-0.0299	-0.0007319453178024071	-0.1387093153258404
2022-02-04	live_selected_shadow_idle	live	True	True	above_200dma_and_slope_60_positive	1.0	0.0011870291226289945	-0.1663	0.4649	0.4986	-0.0119	-0.06738944615124909	-0.12208939578991262
2022-02-07	live_selected_shadow_idle	live	True	True	above_200dma_and_slope_60_positive	1.0	0.0016130457510378005	-0.1694	0.4557	0.4983	-0.003	-0.04587608456127401	-0.08965005260008374
2022-02-08	live_selected_shadow_idle	live	True	True	above_200dma_and_slope_60_positive	1.0	0.0020129050223132456	-0.136	0.4793	0.4994	-0.0256	-0.05563480922931785	-0.1525202260121894
2022-02-09	live_selected_shadow_idle	live	True	True	above_200dma_and_slope_60_positive	1.0	0.0021834259671670076	-0.0949	0.5037	0.5004	-0.0489	-0.14071721674293602	-0.2016568737924852
2022-02-10	shadow_blocked_live_selected	live	True	True	above_200dma_and_slope_60_positive	1.0	0.002835584200554682	-0.0651	0.5253	0.5013	-0.0696	-0.1999560274607921	-0.25368047890001255
2022-02-11	shadow_blocked_live_selected	live	True	True	above_200dma_and_slope_60_positive	1.0	0.0025967442891359958	-0.0781	0.518	0.5009	-0.0628	-0.22682709587563066	-0.23228607372888266
2022-02-14	live_selected_shadow_idle	live	True	True	above_200dma_and_slope_60_positive	1.0	0.0029108368005119623	-0.0324	0.4969	0.5002	-0.0423	-0.18640106706242843	-0.2548408788152279
2022-02-15	shadow_blocked_live_selected	live	True	True	above_200dma_and_slope_60_positive	1.0	0.0036713851111048967	0.0	0.5214	0.5014	-0.0657	-0.17010418574015296	-0.29468750953674316
2022-02-16	shadow_blocked_live_selected	live	True	True	above_200dma_and_slope_60_positive	1.0	0.0024295166208210114	0.0	0.5114	0.5008	-0.0563	-0.1617739049602661	-0.2513012700726309
2022-02-17	live_selected_shadow_idle	live	True	True	above_200dma_and_slope_60_positive	1.0	0.0018544932592081528	-0.0243	0.5031	0.5001	-0.0486	-0.15277925084769461	-0.24815962128640878
2022-02-18	live_selected_shadow_idle	live	True	True	above_200dma_and_slope_60_positive	1.0	0.0010199347730339703	-0.0548	0.5046	0.5001	-0.0501	-0.13711458325105963	-0.17973567341756025
2022-02-22	shadow_blocked_live_selected	live	True	True	above_200dma_and_slope_60_positive	1.0	0.000822280990254276	-0.0572	0.5218	0.5007	-0.0668	-0.12642151912137545	-0.21552386782421407
2022-03-01	live_selected_shadow_idle	live	True	True	above_200dma_and_slope_60_positive	1.0	0.0006662045102134121	-0.102	0.4854	0.4993	-0.0317	-0.04880592372144632	-0.21319266095779943
2022-03-02	shadow_blocked_live_selected	live	True	True	above_200dma_and_slope_60_positive	1.0	0.0022290962822313206	-0.0287	0.5177	0.5009	-0.0625	-0.15155411497472648	-0.24330122009796695
2022-03-03	live_selected_shadow_idle	live	True	True	above_200dma_and_slope_60_positive	1.0	0.0013077465104863368	-0.0716	0.497	0.4998	-0.0428	-0.12659790173685503	-0.17784257183312757
2022-03-04	live_selected_shadow_idle	live	True	False	above_200dma	1.0	-0.0007791248137863693	-0.1473	0.5063	0.5	-0.0519	-0.06995486632586034	-0.09852285390571702
2022-03-07	live_selected_shadow_idle	live	False	False	outside_bullish_pocket	0.0	-0.002130027803349884	-0.212	0.5153	0.5003	-0.0607	0.026023795245990078	-0.02840150572204614
2022-03-08	both_selected	shared	False	False	outside_bullish_pocket	0.0	-0.0015991025981068644	-0.1968	0.5326	0.501	-0.0772	-0.0330482494910771	-0.023198559234988148
2022-03-09	live_selected_shadow_idle	live	False	False	outside_bullish_pocket	0.0	-0.0012330343838675706	-0.173	0.4945	0.4999	-0.0402	-0.07124878509771082	-0.11958710609314316
2022-03-10	live_selected_shadow_idle	live	False	False	outside_bullish_pocket	0.0	-0.0017988741406621174	-0.2117	0.4893	0.4995	-0.0354	-0.03222401481867798	-0.06959857616880272
2022-03-11	live_selected_shadow_idle	live	False	False	outside_bullish_pocket	0.0	-0.002238964439713831	-0.2419	0.4808	0.4993	-0.0271	-0.009338098160196928	-0.028288898204158697
2022-03-14	live_selected_shadow_idle	live	False	False	outside_bullish_pocket	0.0	-0.0035083187573237288	-0.2775	0.4776	0.499	-0.0242	0.037896213192981865	-0.011527421241619096
2022-03-15	live_selected_shadow_idle	live	False	False	outside_bullish_pocket	0.0	-0.0020522256767542637	-0.2389	0.5082	0.5004	-0.0534	-0.015729743075888813	-0.09697721116256275
2022-03-16	both_selected	shared	True	False	above_200dma	1.0	-0.0006824587897885426	-0.1706	0.5177	0.5012	-0.0622	-0.09150246119082905	-0.21400777744346045
2022-03-17	both_selected	shared	True	False	above_200dma	1.0	-0.000309657667542836	-0.1409	0.5194	0.501	-0.0641	-0.12903626208165175	-0.2692498434467506
2022-03-18	both_selected	shared	False	False	outside_bullish_pocket	0.0	-0.0022118746330191284	-0.1489	0.5219	0.501	-0.0666	-0.10401714841088394	-0.26079841259410164
2022-03-21	live_selected_shadow_idle	live	False	False	outside_bullish_pocket	0.0	-0.002373239006043744	-0.1602	0.5117	0.5006	-0.0567	-0.07172935834891914	-0.2454371399712021
2022-03-22	live_selected_shadow_idle	live	False	False	outside_bullish_pocket	0.0	-0.0029464528949482665	-0.152	0.4971	0.5001	-0.0427	-0.07482312427745186	-0.3047270423166204
2022-03-23	live_selected_shadow_idle	live	False	False	outside_bullish_pocket	0.0	-0.003695689368368956	-0.1892	0.4795	0.4993	-0.0258	-0.06252482830837114	-0.26305355088553917
2022-03-24	live_selected_shadow_idle	live	False	False	outside_bullish_pocket	0.0	-0.0028759440836325497	-0.1617	0.4935	0.5001	-0.0391	-0.11251752365907364	-0.27375016107963
2022-03-25	live_selected_shadow_idle	live	False	False	outside_bullish_pocket	0.0	-0.0034687900396080423	-0.1629	0.4909	0.5	-0.0366	-0.10217664383416447	-0.2786171414426277
2022-03-28	live_selected_shadow_idle	live	True	False	above_200dma	1.0	-0.002697479474865035	-0.1441	0.4961	0.5003	-0.0415	-0.1600300360834247	-0.29601802165005475
2022-03-29	live_selected_shadow_idle	live	True	False	above_200dma	1.0	-0.002114704311641624	-0.1206	0.4974	0.5004	-0.0426	-0.1898842321946862	-0.28775141434370755
2022-03-30	live_selected_shadow_idle	live	False	False	outside_bullish_pocket	0.0	-0.0031711576844045465	-0.1124	0.4982	0.5004	-0.0435	-0.11344116904370416	-0.2574533089943194
2022-03-31	live_selected_shadow_idle	live	False	False	outside_bullish_pocket	0.0	-0.003543099934899037	-0.0507	0.4798	0.4994	-0.026	-0.12453456187253886	-0.25715751619275085
2022-04-04	live_selected_shadow_idle	live	False	False	outside_bullish_pocket	0.0	-0.003470444216370646	-0.0534	0.4664	0.4989	-0.0132	-0.08252859770605403	-0.2882708885990498
2022-04-05	live_selected_shadow_idle	live	False	False	outside_bullish_pocket	0.0	-0.003929933449545109	-0.0907	0.4699	0.4987	-0.0168	-0.013268970053220697	-0.2809274750436689
2022-04-06	live_selected_shadow_idle	live	False	False	outside_bullish_pocket	0.0	-0.004017270035773235	-0.1008	0.463	0.4985	-0.0101	-0.03374895506867692	-0.2310924304575196
2022-04-20	live_selected_shadow_idle	live	False	False	outside_bullish_pocket	0.0	-0.0020840433428256588	-0.1079	0.4605	0.4983	-0.0078	-0.02937150254261045	-0.17418028301719635
2022-04-28	live_selected_shadow_idle	live	False	False	outside_bullish_pocket	0.0	-0.0024820987179440773	-0.099	0.4702	0.4988	-0.017	0.005984584883427679	-0.14990026235419984
2022-04-29	live_selected_shadow_idle	live	False	False	outside_bullish_pocket	0.0	-0.0035761988916446145	-0.1221	0.4786	0.4988	-0.0254	0.07523092931146369	-0.09238895477634312
2022-05-02	live_selected_shadow_idle	live	False	False	outside_bullish_pocket	0.0	-0.002488720311180511	-0.091	0.4748	0.499	-0.0215	0.04589232200843707	-0.1208215150659473
2022-05-03	live_selected_shadow_idle	live	False	False	outside_bullish_pocket	0.0	-0.0021701751343191854	-0.0449	0.4666	0.4986	-0.0136	0.032135852468113235	-0.13191132815164053
2022-05-05	live_selected_shadow_idle	live	False	False	outside_bullish_pocket	0.0	-0.0027581384252237514	-0.0316	0.4655	0.4985	-0.0126	-0.01893671562328536	-0.12372001096304064
2022-05-06	live_selected_shadow_idle	live	False	False	outside_bullish_pocket	0.0	-0.0037536131872036933	-0.0444	0.4751	0.4988	-0.0219	0.001421442449041077	-0.08670929078079559
2022-05-09	live_selected_shadow_idle	live	False	False	outside_bullish_pocket	0.0	-0.00487669096685844	-0.0773	0.4777	0.4988	-0.0245	0.04166055966937865	-0.04534081874308504
2022-05-10	live_selected_shadow_idle	live	False	False	outside_bullish_pocket	0.0	-0.004405635117687723	-0.064	0.4665	0.4987	-0.0135	-0.004498696437578942	-0.09360040973533279
2022-05-11	live_selected_shadow_idle	live	False	False	outside_bullish_pocket	0.0	-0.004902624965429902	-0.0905	0.4752	0.4988	-0.0221	-0.01403826843277578	-0.08228790915277828
2022-05-12	live_selected_shadow_idle	live	False	False	outside_bullish_pocket	0.0	-0.005818572091526401	-0.0803	0.4586	0.4984	-0.0058	-0.07517353745992206	-0.1264214691232619
2022-05-16	live_selected_shadow_idle	live	False	False	outside_bullish_pocket	0.0	-0.00475385399853477	-0.0428	0.4724	0.4989	-0.0191	-0.16702143116049506	-0.11565207016747636
2022-05-17	live_selected_shadow_idle	live	False	False	outside_bullish_pocket	0.0	-0.0033021440196082147	0.0	0.495	0.5002	-0.0404	-0.2062299104826626	-0.1267454620828431
2022-05-18	live_selected_shadow_idle	live	False	False	outside_bullish_pocket	0.0	-0.0040456521920331666	-0.0461	0.4969	0.4997	-0.0428	-0.2257565663795953	-0.08937376257239338
2022-05-19	live_selected_shadow_idle	live	False	False	outside_bullish_pocket	0.0	-0.0038263014393454292	-0.0682	0.4894	0.4995	-0.0356	-0.19668589662478453	-0.07982710077407573
2022-05-20	live_selected_shadow_idle	live	False	False	outside_bullish_pocket	0.0	-0.004234470853812248	-0.0749	0.4819	0.4993	-0.0283	-0.17561686532435838	-0.1056604126671864
2022-05-23	live_selected_shadow_idle	live	False	False	outside_bullish_pocket	0.0	-0.004304988690770273	-0.0657	0.4764	0.499	-0.023	-0.1904008748752919	-0.09498487057765892
2022-05-24	live_selected_shadow_idle	live	False	False	outside_bullish_pocket	0.0	-0.004800953839722114	-0.1055	0.4581	0.4982	-0.0055	-0.15610929296175213	-0.091714262581028
2022-05-25	live_selected_shadow_idle	live	False	False	outside_bullish_pocket	0.0	-0.0039961977466795124	-0.0887	0.4784	0.4991	-0.025	-0.13894215026163304	-0.14085753626660136
2022-05-26	live_selected_shadow_idle	live	False	False	outside_bullish_pocket	0.0	-0.004646500294603392	-0.0521	0.4939	0.4996	-0.0399	-0.16742209561317367	-0.18045323143228487
2022-06-03	live_selected_shadow_idle	live	False	False	outside_bullish_pocket	0.0	-0.0021227380654540292	-0.072	0.4717	0.4988	-0.0186	-0.18887621444161207	-0.19502434555636328
2022-06-06	live_selected_shadow_idle	live	False	False	outside_bullish_pocket	0.0	-0.0012023191239296368	-0.0653	0.4847	0.4993	-0.031	-0.18566357108527576	-0.19758692366121722
2022-06-07	live_selected_shadow_idle	live	False	False	outside_bullish_pocket	0.0	-0.00047827898458459767	-0.0612	0.4774	0.4989	-0.0241	-0.16831547912024758	-0.19007914580111063
2022-06-08	live_selected_shadow_idle	live	False	False	outside_bullish_pocket	0.0	-0.00019323961684632648	-0.0898	0.4766	0.4989	-0.0233	-0.13790086435703608	-0.17886292880451282
2022-06-09	live_selected_shadow_idle	live	False	False	outside_bullish_pocket	0.0	-0.0017001248179300266	-0.1241	0.4703	0.4986	-0.0173	-0.12435619035490553	-0.16343528702622667
2022-06-10	live_selected_shadow_idle	live	False	False	outside_bullish_pocket	0.0	-0.004013473026135343	-0.1692	0.4604	0.4983	-0.0077	-0.054934504717109034	-0.12168634720312688
2022-06-24	live_selected_shadow_idle	live	False	False	outside_bullish_pocket	0.0	-0.005655471522444033	-0.2246	0.4593	0.4986	-0.0063	0.02926083058442086	-0.13073236771358698
2022-06-28	live_selected_shadow_idle	live	False	False	outside_bullish_pocket	0.0	-0.004954520949983869	-0.2323	0.4658	0.4986	-0.0128	0.0696508596056924	-0.14172140816521894
2022-06-30	live_selected_shadow_idle	live	False	False	outside_bullish_pocket	0.0	-0.005667631691325425	-0.2666	0.4581	0.4982	-0.0055	0.11903042648978834	-0.11577420138400085
2022-07-05	live_selected_shadow_idle	live	False	False	outside_bullish_pocket	0.0	-0.004379741872567348	-0.1983	0.4821	0.4993	-0.0285	0.10118106336653998	-0.10100475213242788
2022-07-06	live_selected_shadow_idle	live	False	False	outside_bullish_pocket	0.0	-0.004079436728533977	-0.1892	0.4686	0.4989	-0.0154	0.11992332571391251	-0.1282900600902933
2022-07-07	live_selected_shadow_idle	live	False	False	outside_bullish_pocket	0.0	-0.0033936143206121224	-0.1421	0.4672	0.499	-0.0138	0.10195412328920384	-0.14868309646342226
2022-07-11	live_selected_shadow_idle	live	False	False	outside_bullish_pocket	0.0	-0.003649143358499529	-0.0768	0.4616	0.4985	-0.0087	0.06296487291436326	-0.06659751249542634
2022-08-09	live_selected_shadow_idle	live	False	False	outside_bullish_pocket	0.0	-0.0022526208292514543	-0.0879	0.4569	0.4981	-0.0045	-0.07016063260899874	-0.09636518370072444
2022-08-11	live_selected_shadow_idle	live	False	False	outside_bullish_pocket	0.0	-0.0020484117999277187	-0.039	0.4741	0.4989	-0.0208	-0.07830553741996449	-0.0988446706928291
2022-08-18	live_selected_shadow_idle	live	False	False	outside_bullish_pocket	0.0	-0.0016633936304700262	-0.0317	0.4669	0.4986	-0.0139	-0.16084473073585437	-0.007303891518197991
2022-08-25	live_selected_shadow_idle	live	False	False	outside_bullish_pocket	0.0	-0.0031292223102464454	-0.059	0.4726	0.499	-0.0193	-0.18137258415754998	-0.04281043952978747
2022-08-26	live_selected_shadow_idle	live	False	False	outside_bullish_pocket	0.0	-0.004065370075952431	-0.1139	0.4701	0.4987	-0.017	-0.15183064094789833	-0.008155495609788566
2022-08-29	live_selected_shadow_idle	live	False	False	outside_bullish_pocket	0.0	-0.0046530448782470925	-0.1235	0.4631	0.4985	-0.0102	-0.11278717207135658	0.028240671070910217
2022-08-30	live_selected_shadow_idle	live	False	False	outside_bullish_pocket	0.0	-0.0036157207491343286	-0.1344	0.4612	0.4984	-0.0084	-0.09413853124125304	0.04671405157646946
2022-08-31	live_selected_shadow_idle	live	False	False	outside_bullish_pocket	0.0	-0.003668862432222027	-0.1308	0.4597	0.4984	-0.0069	-0.11533699979755718	0.03325669748296112
2022-09-01	live_selected_shadow_idle	live	False	False	outside_bullish_pocket	0.0	-0.0035136457825873267	-0.1188	0.4553	0.4983	-0.0027	-0.12580706205549141	-0.02722040369760037
2022-09-13	live_selected_shadow_idle	live	False	False	outside_bullish_pocket	0.0	-0.00042654739146021916	-0.1604	0.4715	0.4987	-0.0185	0.0016784810589463017	0.0037299658135674374
2022-09-14	live_selected_shadow_idle	live	False	False	outside_bullish_pocket	0.0	-0.0008085360735617497	-0.1567	0.459	0.4984	-0.0062	-0.0067783958993477	0.03935229012557251
2022-09-15	live_selected_shadow_idle	live	False	False	outside_bullish_pocket	0.0	-0.0012518442356246329	-0.1634	0.4583	0.4983	-0.0057	0.041184324163990205	0.04137408164726586
2022-09-21	live_selected_shadow_idle	live	False	False	outside_bullish_pocket	0.0	-0.0026630110431549317	-0.1814	0.4681	0.4985	-0.0152	0.058483041804667124	0.0387226048002447
2022-10-03	live_selected_shadow_idle	live	False	False	outside_bullish_pocket	0.0	-0.0022343821099678842	-0.1074	0.4691	0.4989	-0.0159	0.0460169605035754	-0.050270731389263745
2022-10-04	live_selected_shadow_idle	live	False	False	outside_bullish_pocket	0.0	-0.0011486463412809641	-0.0687	0.4763	0.4993	-0.0226	0.01667905005835868	-0.06134169041426507
2022-10-05	live_selected_shadow_idle	live	False	False	outside_bullish_pocket	0.0	-0.0013028609222835257	-0.0554	0.4828	0.4993	-0.0291	-0.02338751671848771	-0.08678969559161642
2022-10-06	live_selected_shadow_idle	live	False	False	outside_bullish_pocket	0.0	-0.0012460276114116967	-0.0573	0.4706	0.4989	-0.0173	-0.02087146488358782	-0.07781032740956417
2022-10-07	live_selected_shadow_idle	live	False	False	outside_bullish_pocket	0.0	-0.0019143290218951966	-0.0868	0.4764	0.499	-0.0231	0.061425061602206066	0.024381041754821364
2022-10-10	live_selected_shadow_idle	live	False	False	outside_bullish_pocket	0.0	-0.0030045971407161105	-0.0612	0.4618	0.4985	-0.009	0.10081744253583369	0.06481117063315733
2022-10-12	live_selected_shadow_idle	live	False	False	outside_bullish_pocket	0.0	-0.002800025457873219	-0.0362	0.4625	0.4985	-0.0097	0.061042677169727444	0.06843603052799163
2022-10-13	live_selected_shadow_idle	live	False	False	outside_bullish_pocket	0.0	-0.002385013674371613	0.0	0.5132	0.5005	-0.0583	0.09861465160813898	0.04283628231819003
2022-10-18	live_selected_shadow_idle	live	False	False	outside_bullish_pocket	0.0	-0.0022512730830662594	-0.0421	0.4753	0.499	-0.022	0.20076116822510293	0.08334921278221952
2022-10-19	live_selected_shadow_idle	live	False	False	outside_bullish_pocket	0.0	-0.0019634001399840765	-0.0334	0.4705	0.4987	-0.0174	0.11012634899150431	0.07203469324452572
2022-10-27	live_selected_shadow_idle	live	False	False	outside_bullish_pocket	0.0	-0.003458461564805789	-0.0717	0.4842	0.4992	-0.0307	0.1187512137839386	0.17870143640415126
2022-10-28	live_selected_shadow_idle	live	False	False	outside_bullish_pocket	0.0	-0.0030392059533239204	-0.0391	0.483	0.4993	-0.0294	0.03164320976133306	0.16210211275211495
2022-10-31	live_selected_shadow_idle	live	False	False	outside_bullish_pocket	0.0	-0.002394869659157739	-0.0381	0.4756	0.499	-0.0223	0.018853983115204587	0.18059151078233726
2022-11-02	live_selected_shadow_idle	live	False	False	outside_bullish_pocket	0.0	-0.0016888327412703334	-0.0496	0.4872	0.4993	-0.0335	0.03816652734160142	0.1281571258436851
2022-11-03	live_selected_shadow_idle	live	False	False	outside_bullish_pocket	0.0	-0.002301701938838866	-0.0491	0.4757	0.4989	-0.0224	0.02243830914754863	0.17053102112841567
2022-11-10	live_selected_shadow_idle	live	False	False	outside_bullish_pocket	0.0	-0.0003692000124074557	0.0	0.4986	0.5005	-0.0437	-0.08959683897236981	-0.0003318476457899733
2022-11-11	shadow_blocked_live_selected	live	False	False	outside_bullish_pocket	0.0	-0.00012217825882216243	0.0	0.5167	0.5008	-0.0615	-0.11468333223200122	-0.03742802519921151
2022-11-14	live_selected_shadow_idle	live	False	False	slope_60_positive_only	0.0	0.00034618424726668985	-0.0118	0.507	0.5002	-0.0525	-0.10585945662112406	-0.03172546330851456
2022-11-15	shadow_blocked_live_selected	live	False	False	slope_60_positive_only	0.0	0.0013157852763272379	0.0	0.5127	0.5007	-0.0577	-0.13486526984661285	-0.04722661829316055
2022-11-16	live_selected_shadow_idle	live	False	False	slope_60_positive_only	0.0	0.00028842157999650435	-0.067	0.5181	0.5004	-0.0633	-0.11601831391673778	0.054357071870206664
2022-11-17	live_selected_shadow_idle	live	False	False	slope_60_positive_only	0.0	0.0001224554259894687	-0.0691	0.5011	0.4999	-0.0469	-0.11355127328993087	0.05277491293054393
2022-11-21	live_selected_shadow_idle	live	False	False	outside_bullish_pocket	0.0	-0.00013648222650681775	-0.0941	0.4762	0.499	-0.0229	-0.11336598249710639	0.0323652638044023
2022-11-28	live_selected_shadow_idle	live	False	False	outside_bullish_pocket	0.0	-0.00045996236976533213	-0.1165	0.4677	0.4986	-0.0147	-0.10278026084728842	0.043587449420193325
2022-11-29	live_selected_shadow_idle	live	False	False	outside_bullish_pocket	0.0	-0.00036191130141782025	-0.1265	0.4654	0.4986	-0.0124	-0.1088534128495644	0.05043546168115065
2022-11-30	live_selected_shadow_idle	live	False	False	slope_60_positive_only	0.0	0.0007147332926377518	-0.0864	0.4928	0.4998	-0.0386	-0.12142237319556226	0.0029487973017485736
2022-12-01	live_selected_shadow_idle	live	False	False	slope_60_positive_only	0.0	0.0001478278225572153	-0.1206	0.4699	0.4989	-0.0167	-0.09929720615540472	0.03333931191497874
2022-12-02	live_selected_shadow_idle	live	False	False	outside_bullish_pocket	0.0	-0.00021501739314960428	-0.1334	0.4716	0.4988	-0.0184	-0.07882226315355467	0.03200438899475189
2022-12-05	live_selected_shadow_idle	live	False	False	outside_bullish_pocket	0.0	-0.0010169395133006632	-0.1436	0.4633	0.4985	-0.0104	0.0029607669263775893	0.050703142437998006
2022-12-06	live_selected_shadow_idle	live	False	False	outside_bullish_pocket	0.0	-0.0012727911715122368	-0.1493	0.4588	0.4984	-0.006	0.01918775658422578	0.058681101117191714
2022-12-08	live_selected_shadow_idle	live	False	False	slope_60_positive_only	0.0	0.0006432953529648863	-0.1252	0.4618	0.4987	-0.0088	0.02101448969890085	0.030615916727371184
2022-12-09	live_selected_shadow_idle	live	False	False	slope_60_positive_only	0.0	0.0006756845574500107	-0.1304	0.4576	0.4983	-0.0049	0.042646258395097725	0.01330416541729007
2022-12-13	live_selected_shadow_idle	live	False	False	slope_60_positive_only	0.0	0.0009753739909043712	-0.1246	0.4612	0.4986	-0.0083	0.03674870958753407	-0.02425778623953656
2023-01-06	live_selected_shadow_idle	live	False	False	slope_60_positive_only	0.0	0.0009234806395749621	0.0	0.5058	0.5006	-0.0509	0.05654393268608238	0.008807468662467066
2023-01-23	live_selected_shadow_idle	live	True	True	above_200dma_and_slope_60_positive	1.0	0.0016866564569043045	0.0	0.4988	0.5003	-0.0441	-0.06826271823900443	-0.01892588441800447
2023-02-06	live_selected_shadow_idle	live	True	True	above_200dma_and_slope_60_positive	1.0	0.0007066686142986889	-0.0609	0.4597	0.4982	-0.0071	-0.07369120044478938	0.01550517359575676
2023-02-08	live_selected_shadow_idle	live	True	False	above_200dma	1.0	-5.531711990084768e-06	-0.0567	0.4753	0.4988	-0.0221	-0.07717844856230549	0.016265552568237807
2023-02-09	live_selected_shadow_idle	live	True	False	above_200dma	1.0	-0.0006357739433700438	-0.0578	0.4692	0.4987	-0.0161	-0.08723828470217665	0.01146558031256184
2023-02-10	live_selected_shadow_idle	live	True	False	above_200dma	1.0	-0.0005373269938554692	-0.0634	0.4572	0.4983	-0.0046	-0.09896352723414548	0.018555677298801587
2023-02-13	live_selected_shadow_idle	live	True	False	above_200dma	1.0	-0.0008063033041144122	-0.0587	0.4562	0.4983	-0.0036	-0.09730536556976777	-0.0021622963361203063
2023-02-16	live_selected_shadow_idle	live	True	True	above_200dma_and_slope_60_positive	1.0	0.00041306938606666677	-0.0598	0.4576	0.4982	-0.005	-0.056452946423290906	0.07643630659290856
2023-02-21	live_selected_shadow_idle	live	False	False	outside_bullish_pocket	0.0	-0.00029255626418083955	-0.0982	0.4594	0.4982	-0.0068	0.017881989952776012	0.12708333140170125
2023-03-16	live_selected_shadow_idle	live	False	False	slope_60_positive_only	0.0	0.0013814973774412432	-0.058	0.4596	0.4984	-0.0068	0.1071239421244945	0.19232804157878425
2023-03-28	live_selected_shadow_idle	live	True	True	above_200dma_and_slope_60_positive	1.0	0.0026222116595840134	-0.0336	0.4655	0.4986	-0.0125	0.029352255639291336	0.10121457698301195
2023-03-29	shadow_blocked_live_selected	live	True	True	above_200dma_and_slope_60_positive	1.0	0.004000778783369633	0.0	0.5042	0.5009	-0.0489	-0.025810503084957803	0.030059741976618426
2023-03-31	live_selected_shadow_idle	live	True	True	above_200dma_and_slope_60_positive	1.0	0.001788571895629043	-0.0504	0.4957	0.4997	-0.0416	0.03331120842642221	0.11153462918822488
2023-04-04	live_selected_shadow_idle	live	True	True	above_200dma_and_slope_60_positive	1.0	0.00014614848587886088	-0.0987	0.4918	0.4995	-0.0379	0.06355857098923745	0.10197311167990764
2023-04-05	live_selected_shadow_idle	live	False	False	slope_60_positive_only	0.0	0.00019403989421089561	-0.1026	0.4591	0.4984	-0.0064	0.0612065562215256	0.12065943551178049
2023-04-06	live_selected_shadow_idle	live	True	True	above_200dma_and_slope_60_positive	1.0	0.00038872001377585617	-0.0784	0.4795	0.4992	-0.026	0.045594229957840904	0.05976775816122726
2023-04-10	shadow_blocked_live_selected	live	True	True	above_200dma_and_slope_60_positive	1.0	0.0014322384690738173	-0.0042	0.5103	0.5009	-0.0551	-0.037932693354112534	-0.03224278332176023
2023-04-11	live_selected_shadow_idle	live	True	True	above_200dma_and_slope_60_positive	1.0	0.001739412029147447	0.0	0.5102	0.5006	-0.0552	-0.041529013722228836	-0.045933587902519
2023-04-12	live_selected_shadow_idle	live	True	True	above_200dma_and_slope_60_positive	1.0	0.001411109207483833	-0.0253	0.5053	0.5002	-0.0508	-0.031794664866280575	0.008392518809671623
2023-04-13	live_selected_shadow_idle	live	True	True	above_200dma_and_slope_60_positive	1.0	0.0017119755505904314	-0.009	0.5009	0.5	-0.0465	-0.022063482375372034	0.009523785303509502
2023-04-19	live_selected_shadow_idle	live	True	False	above_200dma	1.0	-0.00031845452031046645	-0.0459	0.4599	0.4984	-0.0071	0.07040390001052899	0.07436112156247976
2023-04-20	live_selected_shadow_idle	live	True	True	above_200dma_and_slope_60_positive	1.0	5.43244633410526e-05	-0.0332	0.4725	0.4989	-0.0192	0.09941426458457592	0.05662224875972677
2023-04-21	live_selected_shadow_idle	live	True	False	above_200dma	1.0	-0.00011141038762268648	-0.0384	0.4595	0.4985	-0.0067	0.11516435429120353	0.06265332814389746
2023-05-01	live_selected_shadow_idle	live	True	False	above_200dma	1.0	-0.00021776380452028418	-0.0312	0.4746	0.499	-0.0213	0.14979958614051614	0.13985567656946185
2023-05-02	live_selected_shadow_idle	live	True	False	above_200dma	1.0	-0.00013675520266274906	-0.0382	0.4729	0.4989	-0.0196	0.10177698331282592	0.1502422486770889
2023-05-03	live_selected_shadow_idle	live	True	True	above_200dma_and_slope_60_positive	1.0	0.0002564366109055231	-0.0536	0.468	0.4986	-0.015	0.13429644575554955	0.1720571263912356
2023-05-04	live_selected_shadow_idle	live	True	False	above_200dma	1.0	-0.0004403394728609881	-0.0598	0.4606	0.4984	-0.0078	0.14311684163987737	0.16939355642073584
2023-05-05	live_selected_shadow_idle	live	True	True	above_200dma_and_slope_60_positive	1.0	0.00026891142738276014	-0.0486	0.4619	0.4985	-0.009	0.10681034051484528	0.11334311087037952
2023-05-18	live_selected_shadow_idle	live	True	True	above_200dma_and_slope_60_positive	1.0	0.0028410628668607144	0.0	0.4952	0.5003	-0.0405	0.001332010769448777	-0.03315077510561415
2023-05-26	shadow_blocked_live_selected	live	True	True	above_200dma_and_slope_60_positive	1.0	0.004501962771796997	0.0	0.5221	0.5013	-0.0664	-0.09657783525193053	-0.1182199083956672
2023-05-30	live_selected_shadow_idle	live	True	True	above_200dma_and_slope_60_positive	1.0	0.003886119539563726	-0.0303	0.5029	0.5002	-0.0484	-0.0644441705851253	-0.11159162424685143
2023-05-31	live_selected_shadow_idle	live	True	True	above_200dma_and_slope_60_positive	1.0	0.003039668876222394	-0.0775	0.5015	0.4999	-0.0473	-0.056744798978869304	-0.06568908985346411
2023-06-01	live_selected_shadow_idle	live	True	True	above_200dma_and_slope_60_positive	1.0	0.0036324401148731143	-0.0655	0.5018	0.5	-0.0475	-0.08655371319305583	-0.05471123143226786
2023-06-02	live_selected_shadow_idle	live	True	True	above_200dma_and_slope_60_positive	1.0	0.003257460801779333	-0.0644	0.4987	0.4998	-0.0445	-0.07618905280573551	-0.03599823521301526
2023-06-09	live_selected_shadow_idle	live	True	True	above_200dma_and_slope_60_positive	1.0	0.0031598715500751697	-0.115	0.4619	0.4985	-0.009	-0.027968849495938697	0.0761119262372929
2023-06-13	live_selected_shadow_idle	live	True	True	above_200dma_and_slope_60_positive	1.0	0.003008760991243638	-0.082	0.4614	0.4986	-0.0085	-0.049211784766774014	0.0340356190527793
2023-06-15	live_selected_shadow_idle	live	True	True	above_200dma_and_slope_60_positive	1.0	0.002670797779015155	-0.0691	0.4575	0.4983	-0.0048	-0.053182157061097746	0.02165065199617522
2023-06-16	live_selected_shadow_idle	live	True	True	above_200dma_and_slope_60_positive	1.0	0.0025187581838785594	-0.0848	0.459	0.4985	-0.0061	-0.040201020890963446	0.047147422987772636
2023-08-14	live_selected_shadow_idle	live	True	True	above_200dma_and_slope_60_positive	1.0	0.0008410194267788995	-0.0436	0.4801	0.4994	-0.0264	0.029730504036159955	0.06619807195766159
2023-08-15	live_selected_shadow_idle	live	True	False	above_200dma	1.0	-0.0005618786027868102	-0.0849	0.4654	0.4986	-0.0125	0.08449405308974711	0.10638292902876523
2023-08-16	live_selected_shadow_idle	live	True	False	above_200dma	1.0	-0.00099483084741759	-0.1004	0.4576	0.4983	-0.005	0.11787604408179009	0.14559324659599748
2023-08-17	live_selected_shadow_idle	live	True	False	above_200dma	1.0	-0.0006858203318025631	-0.1097	0.4554	0.4982	-0.0029	0.09943353907450869	0.18565133703755876
2023-08-18	live_selected_shadow_idle	live	True	False	above_200dma	1.0	-0.0006225008397338232	-0.1093	0.4613	0.4983	-0.0086	0.10866488175548294	0.17597104261452956
2023-08-23	live_selected_shadow_idle	live	True	False	above_200dma	1.0	-0.002096876388497293	-0.0868	0.461	0.4986	-0.0081	0.04157077746558513	0.17610055679714787
2023-08-29	live_selected_shadow_idle	live	True	False	above_200dma	1.0	-0.0006110358946895822	-0.0462	0.4583	0.4985	-0.0054	0.022945392505916207	0.15626871807522313
2023-09-29	live_selected_shadow_idle	live	True	True	above_200dma_and_slope_60_positive	1.0	0.0017551918066606536	-0.0524	0.4566	0.4984	-0.0038	-0.03498452588745682	0.2797295181649797
2023-10-02	live_selected_shadow_idle	live	True	True	above_200dma_and_slope_60_positive	1.0	0.0018966603797224775	-0.0534	0.4612	0.4984	-0.0085	-0.027810468144639167	0.2751619309822688
2023-10-03	live_selected_shadow_idle	live	True	True	above_200dma_and_slope_60_positive	1.0	0.001369301729131367	-0.0552	0.4708	0.4986	-0.0178	-0.014153015753467613	0.267875537055146
2023-12-20	live_selected_shadow_idle	live	True	True	above_200dma_and_slope_60_positive	1.0	0.0024481852484222817	-0.0426	0.4581	0.4985	-0.0052	0.13407034051395494	0.19456089825380052
2023-12-21	shadow_blocked_live_selected	live	True	True	above_200dma_and_slope_60_positive	1.0	0.003761521691301217	0.0	0.4953	0.5011	-0.0399	0.023982163568750048	0.12599434043181756
2023-12-22	shadow_blocked_live_selected	live	True	True	above_200dma_and_slope_60_positive	1.0	0.00470948922487923	0.0	0.5138	0.5009	-0.0585	0.018383674489038215	0.27008904136112855
2023-12-26	shadow_blocked_live_selected	live	True	True	above_200dma_and_slope_60_positive	1.0	0.004110812361133028	0.0	0.5155	0.5009	-0.0603	0.024580742587411164	0.26590859378669673
2023-12-27	live_selected_shadow_idle	live	True	True	above_200dma_and_slope_60_positive	1.0	0.004051219587299201	-0.0046	0.5058	0.5003	-0.0512	0.01603968764031105	0.3516038807257873
2023-12-28	live_selected_shadow_idle	live	True	True	above_200dma_and_slope_60_positive	1.0	0.003955711571679303	-0.0122	0.4975	0.4999	-0.0432	0.03569767087004916	0.3813953843227653
2024-01-30	live_selected_shadow_idle	live	True	True	above_200dma_and_slope_60_positive	1.0	0.0036053197642039515	-0.0345	0.4616	0.4984	-0.0088	0.04120235923254101	0.29503246388700277
2024-01-31	live_selected_shadow_idle	live	True	True	above_200dma_and_slope_60_positive	1.0	0.003277912795977859	-0.0391	0.4604	0.4983	-0.0077	0.056676391957452665	0.3392419398004738
2024-02-22	live_selected_shadow_idle	live	True	True	above_200dma_and_slope_60_positive	1.0	0.0018530760030996815	-0.0369	0.4708	0.4993	-0.0171	0.2786636455769407	0.4583866322285646
2024-02-23	live_selected_shadow_idle	live	True	True	above_200dma_and_slope_60_positive	1.0	0.0017323384733229918	-0.0345	0.4683	0.4989	-0.015	0.2815116172613099	0.5
2024-03-01	shadow_blocked_live_selected	live	True	True	above_200dma_and_slope_60_positive	1.0	0.00412463740485518	0.0	0.5039	0.5007	-0.0489	0.306358392626517	0.39432470879006454
2024-03-05	live_selected_shadow_idle	live	True	True	above_200dma_and_slope_60_positive	1.0	0.004267394916288462	-0.0136	0.4954	0.4999	-0.0412	0.35503326826233295	0.3368264981862925
2024-03-08	live_selected_shadow_idle	live	True	True	above_200dma_and_slope_60_positive	1.0	0.0037844919767757576	-0.0137	0.5024	0.5003	-0.0478	0.25947545061452115	0.29727510578340444
2024-03-12	live_selected_shadow_idle	live	True	True	above_200dma_and_slope_60_positive	1.0	0.00332722191314209	-0.0158	0.495	0.5	-0.0407	0.2543625461409218	0.33514688738396337
2024-03-21	both_selected	shared	True	True	above_200dma_and_slope_60_positive	1.0	0.003984783488679863	0.0	0.5347	0.5031	-0.0772	-0.028038251013542626	0.34574423199360416
2024-03-22	both_selected	shared	True	True	above_200dma_and_slope_60_positive	1.0	0.003929835338583058	0.0	0.5581	0.5027	-0.1011	-0.009890176453546395	0.3923418766261615
2024-03-25	both_selected	shared	True	True	above_200dma_and_slope_60_positive	1.0	0.005021532451044279	0.0	0.6024	0.5045	-0.1435	-0.03987021496159937	0.23102540615144296
2024-03-26	both_selected	shared	True	True	above_200dma_and_slope_60_positive	1.0	0.005384902272720564	0.0	0.5742	0.5033	-0.1165	-0.05909094353644517	0.17457903789227314
2024-03-27	both_selected	shared	True	True	above_200dma_and_slope_60_positive	1.0	0.005576314915343161	0.0	0.5607	0.5026	-0.1037	-0.06431864292616618	0.16570226001539567
2024-03-28	shadow_blocked_live_selected	live	True	True	above_200dma_and_slope_60_positive	1.0	0.005981583487674028	-0.0114	0.5307	0.5013	-0.0751	-0.025871601217648532	0.19704806046151213
2024-04-01	both_selected	shared	True	True	above_200dma_and_slope_60_positive	1.0	0.006880217238278149	0.0	0.5713	0.5031	-0.1138	-0.07996783746873515	0.145293621200264
2024-04-02	shadow_blocked_live_selected	live	True	True	above_200dma_and_slope_60_positive	1.0	0.006580154400665661	-0.0125	0.5377	0.5015	-0.0819	-0.07975560827313521	0.0772301077599924
2024-04-03	both_selected	shared	True	True	above_200dma_and_slope_60_positive	1.0	0.007131012156967964	0.0	0.558	0.5026	-0.101	-0.14303568740186112	0.02749788628631622
2024-04-04	both_selected	shared	True	True	above_200dma_and_slope_60_positive	1.0	0.006315737784683876	-0.0306	0.551	0.5021	-0.0946	-0.0947698835836378	0.059875962235817815
2024-04-05	shadow_blocked_live_selected	live	True	True	above_200dma_and_slope_60_positive	1.0	0.006568001401365656	-0.0346	0.5277	0.5011	-0.0722	-0.071856325871821	0.07290819204836585
2024-04-08	shadow_blocked_live_selected	live	True	True	above_200dma_and_slope_60_positive	1.0	0.006673918136225613	-0.0395	0.5218	0.501	-0.0664	-0.022936150994874338	0.11281017259248394
2024-04-09	live_selected_shadow_idle	live	True	True	above_200dma_and_slope_60_positive	1.0	0.006427387976616216	-0.042	0.5132	0.5006	-0.0583	-0.027888756793150726	0.07314693835930619
2024-04-10	live_selected_shadow_idle	live	True	True	above_200dma_and_slope_60_positive	1.0	0.006569915980743435	-0.0454	0.5062	0.5002	-0.0516	-0.023567899552712657	0.06947631509974594
2024-04-11	live_selected_shadow_idle	live	True	True	above_200dma_and_slope_60_positive	1.0	0.006835705658312848	-0.0039	0.5132	0.5006	-0.0583	-0.07607249953045503	0.028468333406031165
2024-04-12	live_selected_shadow_idle	live	True	True	above_200dma_and_slope_60_positive	1.0	0.006434430748610224	-0.0429	0.5084	0.5002	-0.0539	-0.01044726423741138	0.11320603270165819
2024-04-15	live_selected_shadow_idle	live	True	True	above_200dma_and_slope_60_positive	1.0	0.0059718732216595665	-0.0519	0.5002	0.5	-0.0459	0.013429984481596824	0.0729998581235638
2024-04-16	live_selected_shadow_idle	live	True	True	above_200dma_and_slope_60_positive	1.0	0.0055063482498680354	-0.0487	0.4987	0.4998	-0.0445	0.024965106342560217	0.0967398105727233
2024-04-17	live_selected_shadow_idle	live	True	True	above_200dma_and_slope_60_positive	1.0	0.0044183608323759525	-0.0912	0.5076	0.5001	-0.0531	0.09868473778768938	0.12498919502510764
2024-04-19	live_selected_shadow_idle	live	True	True	above_200dma_and_slope_60_positive	1.0	0.0032071907257741855	-0.1659	0.4565	0.4981	-0.0041	0.17345700903572725	0.11922828282452946
2024-04-22	live_selected_shadow_idle	live	True	True	above_200dma_and_slope_60_positive	1.0	0.0033594535648668283	-0.1476	0.4659	0.4986	-0.0129	0.18218472097720562	0.07633792148086327
2024-04-23	live_selected_shadow_idle	live	True	True	above_200dma_and_slope_60_positive	1.0	0.004078212085359212	-0.1215	0.4715	0.4988	-0.0183	0.13373644885262959	0.016005718179010087
2024-04-24	live_selected_shadow_idle	live	True	True	above_200dma_and_slope_60_positive	1.0	0.0037851678150572442	-0.1268	0.476	0.499	-0.0227	0.12971909248835667	0.03131150508339653
2024-04-25	live_selected_shadow_idle	live	True	True	above_200dma_and_slope_60_positive	1.0	0.004308929391265008	-0.1283	0.4729	0.4988	-0.0198	0.13165436969838118	0.023929002734629945
2024-04-26	live_selected_shadow_idle	live	True	True	above_200dma_and_slope_60_positive	1.0	0.00486839562196694	-0.1029	0.4655	0.4987	-0.0124	0.12756887515190352	-0.03970739902478748
2024-04-29	live_selected_shadow_idle	live	True	True	above_200dma_and_slope_60_positive	1.0	0.004825821115123027	-0.1066	0.4595	0.4984	-0.0068	0.16010840731786757	-0.06042325660396941
2024-04-30	live_selected_shadow_idle	live	True	True	above_200dma_and_slope_60_positive	1.0	0.004452009224860717	-0.1176	0.4657	0.4986	-0.0128	0.1648371361322143	-0.03142701355467048
2024-05-01	live_selected_shadow_idle	live	True	True	above_200dma_and_slope_60_positive	1.0	0.003867851561637566	-0.1397	0.4679	0.4984	-0.0151	0.1512306693601142	-0.016864161582374027
2024-05-02	live_selected_shadow_idle	live	True	True	above_200dma_and_slope_60_positive	1.0	0.0047251122563061335	-0.119	0.456	0.4983	-0.0033	0.11279264633148589	-0.08697591127217386
2024-05-03	live_selected_shadow_idle	live	True	True	above_200dma_and_slope_60_positive	1.0	0.004961179331245432	-0.1005	0.4558	0.4984	-0.0031	0.11743680539748746	-0.042545748764230895
2024-05-06	live_selected_shadow_idle	live	True	True	above_200dma_and_slope_60_positive	1.0	0.005788933415375889	-0.0579	0.4806	0.4995	-0.0267	0.05419131178782455	-0.15499871425043021
2024-05-07	live_selected_shadow_idle	live	True	True	above_200dma_and_slope_60_positive	1.0	0.005527813006169765	-0.0651	0.4774	0.4991	-0.0239	0.12163415603350325	-0.22238069239011893
2024-06-17	live_selected_shadow_idle	live	True	True	above_200dma_and_slope_60_positive	1.0	0.0049491198726527704	0.0	0.4963	0.5002	-0.0417	-0.19163905486134813	-0.4100656294103324
2024-06-18	shadow_blocked_live_selected	live	True	True	above_200dma_and_slope_60_positive	1.0	0.005516452213029573	0.0	0.5041	0.5007	-0.049	-0.23460411023756877	-0.4055392438263058
2024-06-20	live_selected_shadow_idle	live	True	True	above_200dma_and_slope_60_positive	1.0	0.0034641247602941257	-0.0603	0.5124	0.5006	-0.0575	-0.20757333933285893	-0.3953811025101919
2024-06-21	live_selected_shadow_idle	live	True	True	above_200dma_and_slope_60_positive	1.0	0.002681830296334405	-0.0906	0.5029	0.5	-0.0486	-0.1738569275769547	-0.3641249274321744
2024-06-26	live_selected_shadow_idle	live	True	True	above_200dma_and_slope_60_positive	1.0	0.002261017364352602	-0.0723	0.4772	0.4994	-0.0234	-0.24522340202610904	-0.36147793526161864
2024-06-27	live_selected_shadow_idle	live	True	True	above_200dma_and_slope_60_positive	1.0	0.00123988385972121	-0.1383	0.4821	0.4992	-0.0286	-0.17257802921245236	-0.2923693358681949
2024-06-28	live_selected_shadow_idle	live	True	True	above_200dma_and_slope_60_positive	1.0	0.0004521101707310867	-0.1428	0.4842	0.4993	-0.0305	-0.18003497700102666	-0.28533413766901206
2024-07-01	live_selected_shadow_idle	live	True	True	above_200dma_and_slope_60_positive	1.0	0.0009691980753052961	-0.1429	0.4788	0.499	-0.0254	-0.22019469109712564	-0.27182182533490273
2024-07-02	live_selected_shadow_idle	live	True	True	above_200dma_and_slope_60_positive	1.0	0.0011728816342872741	-0.1359	0.4705	0.4988	-0.0173	-0.17173238760064258	-0.171279883186653
2024-07-05	live_selected_shadow_idle	live	True	True	above_200dma_and_slope_60_positive	1.0	0.0011765899315648051	-0.1424	0.4672	0.4987	-0.0142	-0.2955927610267356	-0.21193013469243227
2024-07-08	live_selected_shadow_idle	live	True	True	above_200dma_and_slope_60_positive	1.0	0.0011194850587635586	-0.1483	0.4669	0.4986	-0.0139	-0.3081337785613375	-0.23245852257469435
2024-07-09	live_selected_shadow_idle	live	True	True	above_200dma_and_slope_60_positive	1.0	0.0004678440088731713	-0.1454	0.4743	0.4989	-0.021	-0.3213359736600301	-0.23859997759003515
2024-07-10	live_selected_shadow_idle	live	True	True	above_200dma_and_slope_60_positive	1.0	0.0017874028316371563	-0.1112	0.4714	0.499	-0.0181	-0.3635896807669782	-0.2534643291262304
2024-07-11	live_selected_shadow_idle	live	True	True	above_200dma_and_slope_60_positive	1.0	0.0011743055237412334	-0.1513	0.4726	0.4988	-0.0194	-0.29302002061453913	-0.21485062309360325
2024-07-12	live_selected_shadow_idle	live	True	True	above_200dma_and_slope_60_positive	1.0	0.0015390328409321085	-0.1297	0.4726	0.499	-0.0192	-0.3030325742861931	-0.22942717101828736
2024-07-15	live_selected_shadow_idle	live	True	True	above_200dma_and_slope_60_positive	1.0	0.0019628905198022296	-0.1471	0.4757	0.499	-0.0223	-0.2768395895109259	-0.21647432764318564
2024-07-16	live_selected_shadow_idle	live	True	True	above_200dma_and_slope_60_positive	1.0	0.0021694039127717318	-0.1692	0.4655	0.4986	-0.0125	-0.23570472920137187	-0.20229038628650275
2024-07-18	live_selected_shadow_idle	live	True	True	above_200dma_and_slope_60_positive	1.0	0.0012260744309336177	-0.1854	0.461	0.4984	-0.0083	-0.08939974689507346	-0.08965516434995935
2024-07-31	live_selected_shadow_idle	live	True	False	above_200dma	1.0	-0.0007246223076173101	-0.1973	0.4734	0.4992	-0.0198	-0.13622290225864675	-0.02704426542484406
2024-08-01	live_selected_shadow_idle	live	True	False	above_200dma	1.0	-0.002806952167149953	-0.2557	0.4825	0.499	-0.0291	-0.0585164251443373	0.06304798927390287
2024-08-02	live_selected_shadow_idle	live	False	False	outside_bullish_pocket	0.0	-0.004191969939982387	-0.3203	0.48	0.4987	-0.0269	0.03818771339878091	0.14768072159754086
2024-08-05	live_selected_shadow_idle	live	False	False	outside_bullish_pocket	0.0	-0.004622391591216883	-0.337	0.4906	0.4991	-0.0372	-0.02034944011448314	0.19641674956735544
2024-08-06	live_selected_shadow_idle	live	False	False	outside_bullish_pocket	0.0	-0.004673946113377274	-0.3475	0.4747	0.4988	-0.0216	0.003258437253116142	0.1694382228208391
2024-08-07	live_selected_shadow_idle	live	False	False	outside_bullish_pocket	0.0	-0.005569422962415827	-0.3501	0.4581	0.4984	-0.0054	0.029838666438136485	0.14804145187021245
2024-08-08	live_selected_shadow_idle	live	False	False	outside_bullish_pocket	0.0	-0.004827253356454471	-0.3106	0.4893	0.4997	-0.0352	-0.06180083045798157	0.08319760711957502
2024-08-09	live_selected_shadow_idle	live	False	False	outside_bullish_pocket	0.0	-0.004888886721057517	-0.2888	0.4798	0.4993	-0.0261	-0.07316292494652954	0.09293082676963338
2024-08-12	live_selected_shadow_idle	live	False	False	outside_bullish_pocket	0.0	-0.005007742563680721	-0.2577	0.4908	0.4997	-0.0367	-0.08231192905501439	0.11464495503058769
2024-08-13	live_selected_shadow_idle	live	False	False	outside_bullish_pocket	0.0	-0.004532228094261444	-0.1846	0.4833	0.4996	-0.0293	-0.06968391569581889	0.1476806140096476
2024-08-14	live_selected_shadow_idle	live	False	False	outside_bullish_pocket	0.0	-0.003689486953363715	-0.1451	0.4855	0.4998	-0.0314	-0.13146105065443658	0.12946917165491212
2024-08-15	live_selected_shadow_idle	live	True	False	above_200dma	1.0	-0.0031241832894615424	-0.0723	0.5038	0.5006	-0.0488	-0.14707803811487252	0.046283354080245864
2024-08-16	live_selected_shadow_idle	live	True	False	above_200dma	1.0	-0.0027679625689259377	-0.0632	0.4967	0.5001	-0.0422	-0.19270300926244832	0.006111711039590739
2024-09-03	live_selected_shadow_idle	live	False	False	outside_bullish_pocket	0.0	-0.006402778403653701	-0.1846	0.4554	0.498	-0.003	0.132422617803861	0.14924363228076176
2024-09-04	live_selected_shadow_idle	live	False	False	outside_bullish_pocket	0.0	-0.00638082853126057	-0.178	0.4582	0.4982	-0.0056	0.1182662946614148	0.09978716475928961
2024-09-05	live_selected_shadow_idle	live	False	False	outside_bullish_pocket	0.0	-0.006848863291323326	-0.1771	0.4552	0.498	-0.0028	0.1390535897756724	0.09576012548429458
2024-09-11	live_selected_shadow_idle	live	False	False	outside_bullish_pocket	0.0	-0.00740506463826085	-0.1655	0.4612	0.4986	-0.0083	0.12189735506191601	0.1127413243096913
2024-09-12	live_selected_shadow_idle	live	False	False	outside_bullish_pocket	0.0	-0.008795733075971427	-0.1972	0.4603	0.4983	-0.0076	0.2119023454986353	0.1600733772620595
2024-09-13	live_selected_shadow_idle	live	False	False	outside_bullish_pocket	0.0	-0.008668342941876439	-0.1603	0.4672	0.4989	-0.014	0.17211134332542577	0.1271650769446424
2024-09-16	live_selected_shadow_idle	live	False	False	outside_bullish_pocket	0.0	-0.008385949015660898	-0.1975	0.4655	0.4985	-0.0127	0.24271617295989611	0.12525806527551708
2024-09-17	live_selected_shadow_idle	live	False	False	outside_bullish_pocket	0.0	-0.007545886028607166	-0.1809	0.4649	0.4987	-0.0118	0.17570151863036498	0.15023096694854932
2024-09-18	live_selected_shadow_idle	live	False	False	outside_bullish_pocket	0.0	-0.00774371357268624	-0.1937	0.4629	0.4985	-0.01	0.25060102772793647	0.12467085952926249
2024-09-19	live_selected_shadow_idle	live	False	False	outside_bullish_pocket	0.0	-0.007636152283305053	-0.144	0.4669	0.4989	-0.0136	0.25546221906731437	0.14845938375350132
2024-09-20	live_selected_shadow_idle	live	False	False	outside_bullish_pocket	0.0	-0.007476650782659888	-0.1162	0.4593	0.4986	-0.0063	0.2227722734881903	0.19097910141848828
2024-09-23	live_selected_shadow_idle	live	False	False	outside_bullish_pocket	0.0	-0.005763883037192515	-0.054	0.4702	0.4992	-0.0167	0.1657582792221426	0.1606283940185611
2024-09-24	live_selected_shadow_idle	live	False	False	outside_bullish_pocket	0.0	-0.005599002848831451	-0.0394	0.4639	0.4989	-0.0107	0.1470212733491938	0.10531916516892448
2024-09-26	both_selected	shared	True	False	above_200dma	1.0	-0.003131213271265828	0.0	0.5444	0.5035	-0.0865	-0.027575526529262095	-0.17983249909683885
2024-09-27	both_selected	shared	True	False	above_200dma	1.0	-0.004019589988281972	-0.0217	0.5409	0.5019	-0.0847	0.0038139875545057933	-0.16539533748183144
2024-09-30	shadow_blocked_live_selected	live	False	False	outside_bullish_pocket	0.0	-0.0039694755249439035	-0.0562	0.541	0.5016	-0.085	0.02584129137821023	-0.13913798507916697
2024-10-01	shadow_blocked_live_selected	live	False	False	outside_bullish_pocket	0.0	-0.004409379312217654	-0.0871	0.5387	0.5013	-0.0831	0.0784568132601633	-0.10457579622252555
2024-10-02	shadow_blocked_live_selected	live	False	False	outside_bullish_pocket	0.0	-0.004543273426686057	-0.0913	0.5357	0.5012	-0.0801	0.042363579585130484	-0.11236856677179718
2024-10-03	live_selected_shadow_idle	live	False	False	outside_bullish_pocket	0.0	-0.004871864649779267	-0.0734	0.5039	0.5001	-0.0494	-0.021312101507063974	-0.1621489116648437
2024-10-04	live_selected_shadow_idle	live	False	False	outside_bullish_pocket	0.0	-0.0040313548374943204	-0.0694	0.5053	0.5002	-0.0507	-0.02464544394196977	-0.17691927958817233
2024-10-07	live_selected_shadow_idle	live	False	False	outside_bullish_pocket	0.0	-0.004343685116224449	-0.0634	0.513	0.5004	-0.0582	-0.011466332360167364	-0.15139443471607916
2024-10-17	live_selected_shadow_idle	live	True	True	above_200dma_and_slope_60_positive	1.0	0.00026537753993573313	0.0	0.4983	0.5002	-0.0438	-0.11485945913483964	-0.07907184622082497
2024-10-25	live_selected_shadow_idle	live	True	True	above_200dma_and_slope_60_positive	1.0	0.0010190040578578418	-0.0369	0.4591	0.4983	-0.0065	-0.048837031726572055	-0.043740163659733655
2024-10-28	live_selected_shadow_idle	live	False	False	slope_60_positive_only	0.0	0.0022957190356722723	-0.0505	0.4559	0.498	-0.0035	-0.017952777927176866	-0.1436225102637193
2024-11-04	live_selected_shadow_idle	live	False	False	slope_60_positive_only	0.0	0.0014810486616365045	-0.0921	0.4592	0.4983	-0.0066	-0.01857865877003484	-0.11609166222624867
2024-11-05	live_selected_shadow_idle	live	False	False	slope_60_positive_only	0.0	0.0018089321370371447	-0.0585	0.4671	0.4986	-0.0141	-0.021708227906921285	-0.14058199357262013
2024-11-11	live_selected_shadow_idle	live	False	False	slope_60_positive_only	0.0	0.00010155183805829656	-0.042	0.4788	0.499	-0.0255	-0.09710080905286456	-0.11707318032272096
2024-11-12	live_selected_shadow_idle	live	False	False	outside_bullish_pocket	0.0	-0.0007099271033121468	-0.0821	0.4647	0.4984	-0.012	-0.019596550868677287	-0.09625357146914215
2024-11-21	live_selected_shadow_idle	live	False	False	slope_60_positive_only	0.0	0.0013332344357758874	-0.0939	0.4699	0.4989	-0.0166	-0.12300505183808197	-0.03814719459759286
2024-11-22	live_selected_shadow_idle	live	False	False	slope_60_positive_only	0.0	0.0011894792379330444	-0.095	0.4583	0.4984	-0.0056	-0.12587683403911176	-0.07044033291633311
2024-11-25	live_selected_shadow_idle	live	False	False	slope_60_positive_only	0.0	0.0013691774698086985	-0.0787	0.4654	0.4988	-0.0123	-0.1454824281131496	-0.107771839341956
2024-11-26	live_selected_shadow_idle	live	False	False	slope_60_positive_only	0.0	0.0023184002488024547	-0.1024	0.4602	0.4984	-0.0075	-0.11768175832806849	-0.04017685505574775
2024-12-03	live_selected_shadow_idle	live	False	False	slope_60_positive_only	0.0	0.0024347832294132547	-0.1197	0.4659	0.4987	-0.0129	-0.12530043034555105	-0.08653845859937637
2024-12-04	live_selected_shadow_idle	live	False	False	slope_60_positive_only	0.0	0.002874772472636359	-0.09	0.4668	0.4988	-0.0137	-0.12916661430082732	-0.08585272163133018
2024-12-05	live_selected_shadow_idle	live	False	False	slope_60_positive_only	0.0	0.0017804438710361896	-0.1106	0.4568	0.4982	-0.0042	-0.015961143714810833	-0.11499956168989689
2024-12-10	live_selected_shadow_idle	live	False	False	slope_60_positive_only	0.0	0.0019668733451037477	-0.0611	0.4642	0.4985	-0.0113	0.01264014151943793	-0.09225275803394306
2024-12-12	live_selected_shadow_idle	live	False	False	slope_60_positive_only	0.0	0.0019581737257051922	-0.0597	0.4638	0.4984	-0.0111	-0.008957626960031773	-0.03420196135397835
2024-12-16	shadow_blocked_live_selected	live	False	False	slope_60_positive_only	0.0	0.002912929052190997	0.0	0.511	0.5008	-0.0558	-0.05228157722541915	-0.04757067637407153
2024-12-18	live_selected_shadow_idle	live	False	False	slope_60_positive_only	0.0	0.0016689021753535224	-0.0433	0.501	0.5002	-0.0465	0.052742980241190285	-0.01770937382351101
2024-12-19	live_selected_shadow_idle	live	False	False	outside_bullish_pocket	0.0	-0.0015834570637759172	-0.1981	0.5217	0.5	-0.0673	0.2542198639341362	0.1826846289025199
2024-12-20	both_selected	shared	False	False	outside_bullish_pocket	0.0	-0.003304111503164853	-0.1702	0.5244	0.5007	-0.0694	0.16333769576884394	0.0510430352188993
2024-12-23	live_selected_shadow_idle	live	False	False	outside_bullish_pocket	0.0	-0.003013285405166884	-0.1738	0.5084	0.5001	-0.054	0.15013376100573317	0.08047259387505545
2024-12-24	live_selected_shadow_idle	live	False	False	outside_bullish_pocket	0.0	-0.0024970174802271482	-0.1779	0.5002	0.4999	-0.046	0.020497332617336994	0.05488353038614924
2024-12-26	live_selected_shadow_idle	live	False	False	outside_bullish_pocket	0.0	-0.0018409617049137683	-0.1729	0.5123	0.5003	-0.0577	-0.017479399912697757	0.025718075778693894
2024-12-27	live_selected_shadow_idle	live	False	False	outside_bullish_pocket	0.0	-0.0019866445803184973	-0.1839	0.4795	0.4992	-0.026	0.0042875425317452365	0.0285457123670827
2024-12-30	live_selected_shadow_idle	live	False	False	outside_bullish_pocket	0.0	-0.0029485815529072183	-0.2145	0.4671	0.4987	-0.0141	0.08428088907713205	0.036689778131369755
2024-12-31	live_selected_shadow_idle	live	False	False	outside_bullish_pocket	0.0	-0.0032450167069975945	-0.225	0.4657	0.4987	-0.0126	0.08412540272794367	0.032438160750320355
2025-01-02	live_selected_shadow_idle	live	False	False	outside_bullish_pocket	0.0	-0.002736013134013948	-0.1959	0.481	0.4994	-0.0273	0.029657577963883908	0.015802098070347714
2025-01-03	live_selected_shadow_idle	live	False	False	outside_bullish_pocket	0.0	-0.002198146050867337	-0.1725	0.4908	0.4998	-0.0366	0.008790485049332997	-0.014131570420022443
2025-01-06	both_selected	shared	False	False	outside_bullish_pocket	0.0	-0.0004047430227700636	-0.086	0.5366	0.5019	-0.0803	-0.05702199818957532	-0.25105788093917336
2025-01-07	shadow_blocked_live_selected	live	False	False	outside_bullish_pocket	0.0	-0.0006070032890933922	-0.0616	0.5309	0.5016	-0.0749	-0.07231873694183988	-0.3649298508977845
2025-01-08	both_selected	shared	False	False	outside_bullish_pocket	0.0	-0.00121380208471266	-0.0846	0.5149	0.5008	-0.0598	-0.0715219831850944	-0.3122422268590902
2025-01-10	both_selected	shared	False	False	outside_bullish_pocket	0.0	-0.0014454353935490142	-0.0853	0.5179	0.5007	-0.0629	-0.03432651659374175	-0.34024558756170564
2025-01-13	live_selected_shadow_idle	live	False	False	outside_bullish_pocket	0.0	-0.001549247495831511	-0.1247	0.5088	0.5003	-0.0542	-0.010309233670398599	-0.18083310807383546
2025-01-15	shadow_blocked_live_selected	live	False	False	outside_bullish_pocket	0.0	-0.0013728875782610395	-0.0498	0.521	0.5011	-0.0656	-0.07297217367130682	-0.32600056782390363
2025-01-16	live_selected_shadow_idle	live	False	False	outside_bullish_pocket	0.0	-0.001334045604562606	-0.0552	0.5095	0.5006	-0.0546	-0.0300195114703784	-0.30779729337929906
2025-01-17	shadow_blocked_live_selected	live	False	False	outside_bullish_pocket	0.0	-0.0005167292806224447	0.0	0.5137	0.5008	-0.0585	0.009834524023899283	-0.32822694169714095
2025-01-21	shadow_blocked_live_selected	live	False	False	slope_60_positive_only	0.0	0.00023941442691772786	0.0	0.5233	0.5013	-0.0677	-0.04589501525983575	-0.3661546574148572
2025-01-22	live_selected_shadow_idle	live	False	False	slope_60_positive_only	0.0	0.0006503220874437184	-0.0014	0.5005	0.4999	-0.0462	-0.05538774023459536	-0.3701364008299227
2025-01-27	live_selected_shadow_idle	live	False	False	outside_bullish_pocket	0.0	-0.0025840667894419856	-0.167	0.512	0.4998	-0.0578	0.02315882555390769	-0.19953902078132835
2025-01-28	live_selected_shadow_idle	live	False	False	outside_bullish_pocket	0.0	-0.003393713557514581	-0.1932	0.4877	0.4993	-0.034	0.10719545704784883	-0.12271956749070467
2025-01-29	live_selected_shadow_idle	live	False	False	outside_bullish_pocket	0.0	-0.0026068517471046584	-0.1862	0.4791	0.4991	-0.0257	0.031569458388429616	-0.10369624913396813
2025-01-30	live_selected_shadow_idle	live	False	False	outside_bullish_pocket	0.0	-0.0012409236242134339	-0.1543	0.4968	0.4998	-0.0426	0.012216186523437589	-0.1507027290962838
2025-01-31	live_selected_shadow_idle	live	False	False	outside_bullish_pocket	0.0	-0.0014828865678519745	-0.1658	0.5096	0.5001	-0.0551	-0.007672040383948198	-0.15738712129073573
2025-02-03	live_selected_shadow_idle	live	False	False	outside_bullish_pocket	0.0	-0.002056698533698187	-0.1779	0.4851	0.4993	-0.0315	0.014234862159271389	-0.14423934035601915
2025-02-04	live_selected_shadow_idle	live	False	False	outside_bullish_pocket	0.0	-0.0025249975922763865	-0.1711	0.4724	0.4989	-0.0191	0.04059113751524457	-0.14217964370577496
2025-02-05	live_selected_shadow_idle	live	False	False	outside_bullish_pocket	0.0	-0.0029658251705371916	-0.1443	0.4725	0.4989	-0.0192	-0.04626070407738159	-0.13760681050629597
2025-02-06	live_selected_shadow_idle	live	False	False	outside_bullish_pocket	0.0	-0.0030331094678168894	-0.1357	0.4776	0.4992	-0.0241	-0.01671252185058092	-0.14935479807323493
2025-02-07	live_selected_shadow_idle	live	False	False	outside_bullish_pocket	0.0	-0.0032093575730283747	-0.1562	0.4714	0.4989	-0.0182	-0.056554724248231936	-0.1277356503327094
2025-02-10	live_selected_shadow_idle	live	False	False	outside_bullish_pocket	0.0	-0.0020752159789222033	-0.123	0.4658	0.4988	-0.0126	-0.07171893288367648	-0.13874697713177875
2025-02-11	live_selected_shadow_idle	live	False	False	outside_bullish_pocket	0.0	-0.0016867742891674513	-0.1399	0.4683	0.4986	-0.0153	0.016581606380016156	-0.09491921908347678
2025-02-12	live_selected_shadow_idle	live	False	False	outside_bullish_pocket	0.0	-0.0014344265199496497	-0.1618	0.4729	0.4987	-0.0198	0.03490398055835886	-0.06348167185265219
2025-02-13	live_selected_shadow_idle	live	False	False	outside_bullish_pocket	0.0	-0.000602268460054504	-0.1254	0.4736	0.499	-0.0202	0.053627399718048974	-0.035228963177605266
2025-02-18	shadow_blocked_live_selected	live	False	False	slope_60_positive_only	0.0	0.0015151556500295539	-0.0237	0.5193	0.5011	-0.0638	-0.047476352199253835	-0.10740707109625447
2025-02-19	live_selected_shadow_idle	live	False	False	slope_60_positive_only	0.0	0.001093964290287408	-0.0446	0.5094	0.5004	-0.0547	-0.022039124552569955	-0.08537757387887157
2025-02-20	live_selected_shadow_idle	live	False	False	slope_60_positive_only	0.0	0.0007956521888101549	-0.0338	0.4967	0.4999	-0.0425	-0.0017445270851269568	-0.050203530624683856
2025-02-21	live_selected_shadow_idle	live	False	False	outside_bullish_pocket	0.0	-0.0006482308160116486	-0.0744	0.4979	0.4998	-0.0437	-0.041683481078884754	-0.0019222462469768997
2025-02-24	live_selected_shadow_idle	live	False	False	outside_bullish_pocket	0.0	-0.001217404686903878	-0.1066	0.494	0.4996	-0.04	0.01603604151106941	0.02819405417421672
2025-02-25	live_selected_shadow_idle	live	False	False	outside_bullish_pocket	0.0	-0.0019005565603096445	-0.1271	0.4568	0.4981	-0.0043	0.01029820931025105	0.028105503999989567
2025-02-26	live_selected_shadow_idle	live	False	False	outside_bullish_pocket	0.0	-0.0006834372584664609	-0.085	0.4965	0.4998	-0.0424	-0.05710778715933296	-0.02947494913932136
2025-02-27	live_selected_shadow_idle	live	False	False	outside_bullish_pocket	0.0	-0.001119600813100193	-0.1402	0.5099	0.5	-0.0556	-0.007187933292402859	0.016880887136892397
2025-02-28	live_selected_shadow_idle	live	False	False	outside_bullish_pocket	0.0	-0.0007517716269648921	-0.1232	0.4919	0.4995	-0.038	-0.055430897834638726	0.02937092898290783
2025-03-03	live_selected_shadow_idle	live	False	False	outside_bullish_pocket	0.0	-0.0014128718740942534	-0.1522	0.4878	0.4993	-0.0341	-0.040313689959914134	0.062292901840264925
2025-03-04	live_selected_shadow_idle	live	False	False	outside_bullish_pocket	0.0	-0.001508566738721795	-0.146	0.4954	0.4996	-0.0415	-0.027302609068974526	0.061403577751145466
2025-03-05	live_selected_shadow_idle	live	False	False	outside_bullish_pocket	0.0	-0.0014960597406375787	-0.1166	0.4851	0.4993	-0.0314	-0.06084373634286566	0.0012720240750512257
2025-03-06	live_selected_shadow_idle	live	False	False	outside_bullish_pocket	0.0	-0.002036118978477945	-0.1641	0.4857	0.4991	-0.0323	-0.1672454449043087	0.09980961125981413
2025-03-07	live_selected_shadow_idle	live	False	False	outside_bullish_pocket	0.0	-0.0014105494810670472	-0.1295	0.4842	0.4994	-0.0304	-0.30378655488268536	0.09993546694299704
2025-03-10	live_selected_shadow_idle	live	False	False	outside_bullish_pocket	0.0	-0.002769210437761386	-0.1846	0.4951	0.4994	-0.0414	-0.21485988391194832	0.185691293396123
2025-03-11	live_selected_shadow_idle	live	False	False	outside_bullish_pocket	0.0	-0.0016131551168527527	-0.1661	0.5018	0.4999	-0.0475	-0.2640089986584946	0.193599071004515
2025-03-12	both_selected	shared	False	False	outside_bullish_pocket	0.0	-0.0010828285917696245	-0.1044	0.5166	0.5007	-0.0615	-0.1858008862031605	0.1350899022521712
2025-03-13	both_selected	shared	False	False	outside_bullish_pocket	0.0	-0.000580008939205919	-0.1115	0.5226	0.5007	-0.0676	-0.2616989346589139	0.16937183979782744
2025-03-14	shadow_blocked_live_selected	live	False	False	outside_bullish_pocket	0.0	-0.00028039408546938206	-0.0562	0.5266	0.5012	-0.071	-0.3099513600555669	0.13245360008786777
2025-03-17	live_selected_shadow_idle	live	False	False	outside_bullish_pocket	0.0	-0.0008123229275327641	-0.0345	0.513	0.5006	-0.0581	-0.31122106272263494	0.12530305588659107
2025-03-18	live_selected_shadow_idle	live	False	False	outside_bullish_pocket	0.0	-0.0010907906815807629	-0.0253	0.5046	0.5001	-0.0501	-0.3016122683542739	0.14215492440959188
2025-03-19	live_selected_shadow_idle	live	False	False	outside_bullish_pocket	0.0	-0.000297801017944573	-0.0109	0.4999	0.4999	-0.0456	-0.32069367539175586	0.13266707073703277
2025-03-20	live_selected_shadow_idle	live	False	False	slope_60_positive_only	0.0	0.0027964493929116744	-0.0011	0.4965	0.4999	-0.0422	-0.33203880532273966	0.163495110076608
2025-03-21	live_selected_shadow_idle	live	False	False	slope_60_positive_only	0.0	0.0008297172997033512	-0.0814	0.4854	0.4994	-0.0316	-0.2953969910931331	0.2704813638831298
2025-03-24	live_selected_shadow_idle	live	False	False	slope_60_positive_only	0.0	0.001289975539070672	-0.0598	0.4948	0.4999	-0.0406	-0.27573759731530945	0.2566535653684996
2025-03-25	live_selected_shadow_idle	live	False	False	slope_60_positive_only	0.0	0.0008905060515917255	-0.0866	0.4862	0.4993	-0.0325	-0.22563176822194364	0.31238052743272826
2025-03-26	live_selected_shadow_idle	live	False	False	slope_60_positive_only	0.0	0.00042321548411431803	-0.1065	0.4864	0.4994	-0.0326	-0.15966568460878716	0.32508417964297287
2025-03-27	live_selected_shadow_idle	live	False	False	slope_60_positive_only	0.0	0.0004690979131467987	-0.1159	0.4765	0.4989	-0.0233	-0.1248355026947261	0.40313732474404373
2025-03-28	live_selected_shadow_idle	live	False	False	slope_60_positive_only	0.0	0.0006005455215320587	-0.1423	0.4582	0.4983	-0.0056	-0.11171420861683323	0.43882854463178433
2025-04-02	live_selected_shadow_idle	live	False	False	outside_bullish_pocket	0.0	-0.00023720619738464658	-0.1407	0.4627	0.4984	-0.0099	-0.12223478575135627	0.39108354540208845
2025-04-03	live_selected_shadow_idle	live	False	False	outside_bullish_pocket	0.0	-0.004818226267889688	-0.279	0.5086	0.4995	-0.0547	0.08582196929112107	0.626177096379968
2025-04-04	live_selected_shadow_idle	live	False	False	outside_bullish_pocket	0.0	-0.007566996919396818	-0.3723	0.5059	0.4993	-0.0522	0.24258338461248297	0.8810258894869492
2025-04-07	both_selected	shared	False	False	outside_bullish_pocket	0.0	-0.006238642949407739	-0.3369	0.5765	0.5021	-0.12	0.17756324267890045	0.7886499342233959
2025-04-08	both_selected	shared	False	False	outside_bullish_pocket	0.0	-0.006931460259585842	-0.3644	0.5378	0.501	-0.0824	0.2606042354663469	0.8297222534907622
2025-04-09	both_selected	shared	False	False	outside_bullish_pocket	0.0	-0.003324457344046679	-0.2448	0.6425	0.5054	-0.1827	0.09348912960731104	0.5977911105750733
2025-04-10	both_selected	shared	False	False	outside_bullish_pocket	0.0	-0.00548676897666421	-0.3206	0.5836	0.5026	-0.1266	0.22569588679264196	0.7450391511539283
2025-04-11	both_selected	shared	False	False	outside_bullish_pocket	0.0	-0.006575433508981406	-0.3255	0.5647	0.5023	-0.108	0.32695897722458556	0.7700933890503987
2025-04-14	both_selected	shared	False	False	outside_bullish_pocket	0.0	-0.0061312739602842415	-0.3105	0.5662	0.5026	-0.1092	0.36482687815839165	0.75344979816265
2025-04-15	both_selected	shared	False	False	outside_bullish_pocket	0.0	-0.0066305784392497015	-0.3103	0.5676	0.5025	-0.1107	0.34177925769128126	0.6696227348221606
2025-04-16	both_selected	shared	False	False	outside_bullish_pocket	0.0	-0.007599171557384269	-0.3269	0.5338	0.5011	-0.0783	0.3767488017790255	0.7324390226187938
2025-04-17	live_selected_shadow_idle	live	False	False	outside_bullish_pocket	0.0	-0.007704199871531954	-0.2903	0.5027	0.5004	-0.048	0.42441854146830793	0.6922964409985013
2025-04-21	live_selected_shadow_idle	live	False	False	outside_bullish_pocket	0.0	-0.007527181703496089	-0.3115	0.4938	0.4999	-0.0396	0.4781241337053148	0.6970333497375609
2025-04-22	both_selected	shared	False	False	outside_bullish_pocket	0.0	-0.00641802057996063	-0.2545	0.5112	0.5007	-0.0561	0.39723685733271097	0.6292551044192569
2025-04-23	both_selected	shared	False	False	outside_bullish_pocket	0.0	-0.003709458220736413	-0.2084	0.5328	0.5016	-0.0769	0.314136787835567	0.5525847097644638
2025-04-24	both_selected	shared	False	False	outside_bullish_pocket	0.0	-0.0021821429052471717	-0.1507	0.5174	0.5012	-0.0619	0.22487734530963688	0.41074662624460534
2025-04-25	shadow_blocked_live_selected	live	False	False	outside_bullish_pocket	0.0	-0.0018245985965723132	-0.1007	0.5137	0.501	-0.0583	0.17034349680651784	0.37666086126283416
2025-04-28	live_selected_shadow_idle	live	False	False	outside_bullish_pocket	0.0	-0.002722433525818883	-0.1144	0.5057	0.5006	-0.0508	0.22683299705468074	0.42222513784576043
2025-04-29	live_selected_shadow_idle	live	False	False	outside_bullish_pocket	0.0	-0.002854127417773548	-0.1334	0.4944	0.5001	-0.0399	0.2510406313899778	0.44719050612718414
2025-04-30	live_selected_shadow_idle	live	False	False	outside_bullish_pocket	0.0	-0.0025960757526051798	-0.1315	0.4981	0.5001	-0.0437	0.2579598036484272	0.44574404694035974
2025-05-02	live_selected_shadow_idle	live	False	False	outside_bullish_pocket	0.0	-0.0024673996002230413	0.0	0.5041	0.5006	-0.0491	0.2163032559518161	0.42145684004698625
2025-05-05	live_selected_shadow_idle	live	False	False	outside_bullish_pocket	0.0	-0.0026960026058105322	-0.0037	0.4963	0.4998	-0.0422	0.2714499170367364	0.35712511657073787
2025-05-12	live_selected_shadow_idle	live	False	False	outside_bullish_pocket	0.0	-0.0005977412222851234	0.0	0.5018	0.5005	-0.0469	0.23675369224581888	0.21215734789054963
2025-05-13	shadow_blocked_live_selected	live	True	False	above_200dma	1.0	-0.0004394920601115349	0.0	0.5125	0.5007	-0.0574	0.19704940074266375	0.22655523589532112
2025-05-14	live_selected_shadow_idle	live	True	False	above_200dma	1.0	-0.0018937441454610108	-0.0166	0.5071	0.5001	-0.0526	0.2188418031592192	0.29794378532106736
2025-05-15	live_selected_shadow_idle	live	True	False	above_200dma	1.0	-0.0014873991319601654	-0.0153	0.5004	0.4998	-0.0463	0.21110531346381567	0.3383971093186362
2025-05-16	live_selected_shadow_idle	live	True	False	above_200dma	1.0	-0.0008584593350605759	0.0	0.5014	0.5	-0.047	0.22285710548867987	0.26806119023537156
2025-05-19	live_selected_shadow_idle	live	True	False	above_200dma	1.0	-3.206826888832263e-05	0.0	0.5033	0.4999	-0.0491	0.21986816499259532	0.27004560544948353
2025-08-05	live_selected_shadow_idle	live	True	True	above_200dma_and_slope_60_positive	1.0	0.004124729034723747	-0.1242	0.4604	0.4982	-0.0078	0.08857513183896248	1.0780305332489384
2025-08-07	live_selected_shadow_idle	live	True	True	above_200dma_and_slope_60_positive	1.0	0.0032066950702131763	-0.1017	0.4638	0.4986	-0.0109	0.1743093938665452	1.000268157491377
2025-08-11	live_selected_shadow_idle	live	True	True	above_200dma_and_slope_60_positive	1.0	0.004346355144242997	0.0	0.499	0.5004	-0.0443	0.09311351567084536	0.762285779405667
2025-08-12	live_selected_shadow_idle	live	True	True	above_200dma_and_slope_60_positive	1.0	0.004857878514739599	0.0	0.5011	0.5003	-0.0465	0.09589041095890405	0.8590998043052838
2025-08-13	live_selected_shadow_idle	live	True	True	above_200dma_and_slope_60_positive	1.0	0.003958151868901746	-0.0272	0.4978	0.4997	-0.0438	0.2116360456393378	0.9178402532318102
2025-08-20	live_selected_shadow_idle	live	True	True	above_200dma_and_slope_60_positive	1.0	0.003789951100202445	-0.0825	0.4755	0.4987	-0.0224	0.44091801645634576	1.0215851787309846
2025-08-26	live_selected_shadow_idle	live	True	True	above_200dma_and_slope_60_positive	1.0	0.003495246970500121	-0.0881	0.4584	0.4982	-0.0059	0.38806872715765817	0.9392274520939512
2025-09-09	live_selected_shadow_idle	live	True	True	above_200dma_and_slope_60_positive	1.0	0.002531838387774036	0.0	0.4979	0.5	-0.0435	0.3730404828384326	0.7314403589989902
2025-09-11	both_selected	shared	True	True	above_200dma_and_slope_60_positive	1.0	0.0038045108627940897	0.0	0.5297	0.5019	-0.0735	0.27734603490398424	0.5754797747329787
2025-09-12	shadow_blocked_live_selected	live	True	True	above_200dma_and_slope_60_positive	1.0	0.004456477249133606	0.0	0.5173	0.5011	-0.0618	0.154995936132994	0.5704382425655496
2025-09-15	shadow_blocked_live_selected	live	True	True	above_200dma_and_slope_60_positive	1.0	0.00430989600744122	0.0	0.5204	0.5009	-0.0652	0.22184191577732837	0.5999238849802435
2025-09-16	live_selected_shadow_idle	live	True	True	above_200dma_and_slope_60_positive	1.0	0.004178683315087476	0.0	0.5093	0.5004	-0.0545	0.17781128908227073	0.6604330644358591
2025-09-17	live_selected_shadow_idle	live	True	True	above_200dma_and_slope_60_positive	1.0	0.004507246084668074	0.0	0.5141	0.5005	-0.0592	0.19969995531756712	0.6154758583724245
2025-09-18	shadow_blocked_live_selected	live	True	True	above_200dma_and_slope_60_positive	1.0	0.0046320115262378	0.0	0.523	0.501	-0.0676	0.1991828972184264	0.4277932397483821
2025-09-19	live_selected_shadow_idle	live	True	True	above_200dma_and_slope_60_positive	1.0	0.004098978399783067	-0.0365	0.5047	0.4999	-0.0504	0.24365519692915094	0.45947278458514385
2025-09-22	live_selected_shadow_idle	live	True	True	above_200dma_and_slope_60_positive	1.0	0.0044559641821984314	-0.0253	0.5166	0.5004	-0.0618	0.256044286268313	0.4124043336371126
2025-09-23	live_selected_shadow_idle	live	True	True	above_200dma_and_slope_60_positive	1.0	0.00480104559799129	-0.0147	0.5063	0.5001	-0.0518	0.21561197544876398	0.35520701465984383
2025-09-24	live_selected_shadow_idle	live	True	True	above_200dma_and_slope_60_positive	1.0	0.004526497269749985	-0.0425	0.5027	0.4999	-0.0484	0.22732046862059563	0.5370106532216463
2025-09-29	live_selected_shadow_idle	live	True	True	above_200dma_and_slope_60_positive	1.0	0.004881019463711889	-0.0295	0.5009	0.4999	-0.0467	0.3428920945691185	0.6856009719448672
2025-09-30	live_selected_shadow_idle	live	True	True	above_200dma_and_slope_60_positive	1.0	0.0055513891970390365	-0.0093	0.5041	0.4999	-0.0499	0.32626102048938277	0.7133634958566353
2025-10-01	both_selected	shared	True	True	above_200dma_and_slope_60_positive	1.0	0.006352792759603964	0.0	0.561	0.5024	-0.1042	0.24419441381703288	0.5634917270805273
2025-10-02	shadow_blocked_live_selected	live	True	True	above_200dma_and_slope_60_positive	1.0	0.006793163835840721	0.0	0.5306	0.5013	-0.075	0.219102010921556	0.6020135788690477
2025-10-03	shadow_blocked_live_selected	live	True	True	above_200dma_and_slope_60_positive	1.0	0.007040983975941654	0.0	0.5389	0.5016	-0.083	0.19134324703746097	0.5579513497850097
2025-10-06	both_selected	shared	True	True	above_200dma_and_slope_60_positive	1.0	0.007125289604308316	0.0	0.5492	0.502	-0.0929	0.22905314566685475	0.4946061668806141
2025-10-07	shadow_blocked_live_selected	live	True	True	above_200dma_and_slope_60_positive	1.0	0.0074706304095533875	-0.0276	0.5319	0.501	-0.0765	0.17416121445792632	0.6986375641158382
2025-10-08	shadow_blocked_live_selected	live	True	True	above_200dma_and_slope_60_positive	1.0	0.008207632402099459	0.0	0.5308	0.5013	-0.0751	0.20840545493575724	0.5882263384533686
2025-10-09	shadow_blocked_live_selected	live	True	True	above_200dma_and_slope_60_positive	1.0	0.008365373658627032	-0.0214	0.5292	0.5008	-0.0741	0.23917225374129103	0.7856288119700372
2025-10-10	shadow_blocked_live_selected	live	True	True	above_200dma_and_slope_60_positive	1.0	0.007868673670498408	-0.076	0.5269	0.5007	-0.0718	0.3101321044743037	0.8697685924053244
2025-10-13	shadow_blocked_live_selected	live	True	True	above_200dma_and_slope_60_positive	1.0	0.008698068889519014	-0.0192	0.5298	0.5011	-0.0743	0.31400112796461754	0.6964256978044268
2025-10-14	shadow_blocked_live_selected	live	True	True	above_200dma_and_slope_60_positive	1.0	0.008366803833032706	-0.0482	0.5432	0.5012	-0.0876	0.2889447437035675	0.8448091566439604
2025-10-15	shadow_blocked_live_selected	live	True	True	above_200dma_and_slope_60_positive	1.0	0.009396977133475886	-0.0234	0.5199	0.5007	-0.0648	0.27591951016696115	0.8019693170670437
2025-10-16	both_selected	shared	True	True	above_200dma_and_slope_60_positive	1.0	0.01019923808704412	0.0	0.5491	0.5022	-0.0925	0.1699501228282425	0.669530474106619
2025-10-17	shadow_blocked_live_selected	live	True	True	above_200dma_and_slope_60_positive	1.0	0.009901031097071137	-0.0007	0.5301	0.501	-0.0748	0.21963630732186612	0.6471489181776673
2025-10-20	both_selected	shared	True	True	above_200dma_and_slope_60_positive	1.0	0.010328954353800872	0.0	0.542	0.5017	-0.0859	0.1701406971459194	0.6280408082752418
2025-10-21	live_selected_shadow_idle	live	True	True	above_200dma_and_slope_60_positive	1.0	0.00996537261964887	-0.0217	0.5169	0.5004	-0.0622	0.12956650147688697	0.7932177173336576
2025-10-22	shadow_blocked_live_selected	live	True	True	above_200dma_and_slope_60_positive	1.0	0.009541605081412568	-0.0401	0.5262	0.5007	-0.0711	0.13830804040615274	0.8390688655970318
2025-10-23	shadow_blocked_live_selected	live	True	True	above_200dma_and_slope_60_positive	1.0	0.009810803278917878	-0.0003	0.5308	0.5009	-0.0755	-0.025833348281350754	0.8823954947192161
2025-10-24	shadow_blocked_live_selected	live	True	True	above_200dma_and_slope_60_positive	1.0	0.011608860219817885	0.0	0.537	0.5016	-0.0811	-0.05319153012516986	0.8152679153346927
2025-10-27	shadow_blocked_live_selected	live	True	True	above_200dma_and_slope_60_positive	1.0	0.012354420049924552	0.0	0.5278	0.5012	-0.0722	0.017401119791265796	0.8157654830255856
2025-10-28	shadow_blocked_live_selected	live	True	True	above_200dma_and_slope_60_positive	1.0	0.012037876921847983	0.0	0.5208	0.5008	-0.0657	0.011806566058089052	0.7533684372802651
2025-10-29	shadow_blocked_live_selected	live	True	True	above_200dma_and_slope_60_positive	1.0	0.012190343102402145	0.0	0.5167	0.5008	-0.0615	0.01601725078680749	0.810175093304635
2025-10-30	live_selected_shadow_idle	live	True	True	above_200dma_and_slope_60_positive	1.0	0.012039386440345115	-0.0116	0.5082	0.5001	-0.0537	0.05566716453056553	0.9431275811491249
2025-10-31	live_selected_shadow_idle	live	True	True	above_200dma_and_slope_60_positive	1.0	0.011554687505298044	-0.0126	0.5099	0.5002	-0.0553	0.07458552139581953	0.9474907280884113
2025-11-03	shadow_blocked_live_selected	live	True	True	above_200dma_and_slope_60_positive	1.0	0.01133515665195787	0.0	0.5156	0.5009	-0.0603	0.02040906948106258	0.7677034950039006
2025-11-04	shadow_blocked_live_selected	live	True	True	above_200dma_and_slope_60_positive	1.0	0.009443528411960722	-0.071	0.5338	0.5008	-0.0786	0.07398066767472788	1.0079805083892897
2025-11-05	both_selected	shared	True	True	above_200dma_and_slope_60_positive	1.0	0.010334873239848037	0.0	0.5582	0.5025	-0.1013	-0.04568423622532891	0.7660631681743422
2025-11-06	both_selected	shared	True	True	above_200dma_and_slope_60_positive	1.0	0.010853328079871405	0.0	0.5612	0.5024	-0.1045	-0.004657410321082467	0.5919103385289703
2025-11-07	both_selected	shared	True	True	above_200dma_and_slope_60_positive	1.0	0.010688390290850395	-0.0017	0.5545	0.5018	-0.0983	0.037827841582317	0.6093225352857896
2025-11-10	both_selected	shared	True	True	above_200dma_and_slope_60_positive	1.0	0.01233098264101371	0.0	0.5587	0.5024	-0.1019	-0.0034741605693257016	0.5581918582162735
2025-11-11	shadow_blocked_live_selected	live	True	True	above_200dma_and_slope_60_positive	1.0	0.011143455104815883	-0.0481	0.5462	0.5014	-0.0905	0.09373311263537976	0.5905603211364068
2025-11-12	shadow_blocked_live_selected	live	True	True	above_200dma_and_slope_60_positive	1.0	0.011606985286541856	-0.0332	0.5403	0.5013	-0.0847	0.05536952999813205	0.5240915038885925
2025-11-13	shadow_blocked_live_selected	live	True	True	above_200dma_and_slope_60_positive	1.0	0.011731365760169598	-0.0645	0.5485	0.5015	-0.0927	0.017683066028152394	0.7317577616492759
2025-11-14	both_selected	shared	True	True	above_200dma_and_slope_60_positive	1.0	0.01261536057411569	-0.0255	0.5727	0.5024	-0.1159	-0.03779930219925498	0.6771462064974141
2025-11-17	both_selected	shared	True	True	above_200dma_and_slope_60_positive	1.0	0.012012700028995023	-0.0448	0.5646	0.502	-0.1082	-0.039016336269785734	0.7014259510413281
2025-11-18	live_selected_shadow_idle	live	True	True	above_200dma_and_slope_60_positive	1.0	0.011238864736977971	-0.0979	0.5231	0.5005	-0.0682	-0.013041556794481712	0.7495842397343409
2025-11-19	shadow_blocked_live_selected	live	True	True	above_200dma_and_slope_60_positive	1.0	0.011038161219904004	-0.1081	0.5267	0.5007	-0.0717	0.1001682235580117	0.8632702532701
2025-11-20	both_selected	shared	True	True	above_200dma_and_slope_60_positive	1.0	0.008943004245763709	-0.205	0.5342	0.5008	-0.079	0.3205543024072772	1.0725530924338469
2025-11-21	both_selected	shared	True	True	above_200dma_and_slope_60_positive	1.0	0.008841392817168565	-0.1813	0.5298	0.5009	-0.0746	0.3337995025827434	1.0647635796382686
2025-11-24	both_selected	shared	True	True	above_200dma_and_slope_60_positive	1.0	0.010535432152745949	-0.1159	0.5439	0.5017	-0.0879	0.23373374737555364	0.8799178984041132
2025-11-25	both_selected	shared	True	True	above_200dma_and_slope_60_positive	1.0	0.010654418746908792	-0.1136	0.5388	0.5013	-0.0832	0.27680040188115385	0.8617111835310278
2025-11-26	both_selected	shared	True	True	above_200dma_and_slope_60_positive	1.0	0.011040688194798183	-0.091	0.5437	0.5016	-0.0877	0.23681931442271043	0.8631113099729701
2025-11-28	both_selected	shared	True	True	above_200dma_and_slope_60_positive	1.0	0.01073149909179391	-0.0664	0.5206	0.5009	-0.0654	0.24479871632079409	0.7572733637790745
2025-12-01	both_selected	shared	True	True	above_200dma_and_slope_60_positive	1.0	0.010075600852577955	-0.0507	0.5283	0.501	-0.073	0.21695914793441906	0.7149213324604236
2025-12-02	both_selected	shared	True	True	above_200dma_and_slope_60_positive	1.0	0.00999681685592922	-0.0545	0.5199	0.5007	-0.0649	0.19174077045255244	0.7231199798002155
2025-12-03	live_selected_shadow_idle	live	True	True	above_200dma_and_slope_60_positive	1.0	0.009149227326089967	-0.0756	0.5077	0.5001	-0.0532	0.3470277096633565	0.6214553584635907
2025-12-04	live_selected_shadow_idle	live	True	True	above_200dma_and_slope_60_positive	1.0	0.008029408797471656	-0.1052	0.5052	0.4999	-0.0509	0.37723363027774703	0.7682329574502951
2025-12-05	live_selected_shadow_idle	live	True	True	above_200dma_and_slope_60_positive	1.0	0.007575997412812793	-0.0635	0.5098	0.5004	-0.0551	0.44772780924262445	0.6737626918042383
2025-12-08	live_selected_shadow_idle	live	True	True	above_200dma_and_slope_60_positive	1.0	0.007522578596687509	-0.0252	0.507	0.5004	-0.0522	0.37514170707487615	0.49967597010755505
2025-12-09	live_selected_shadow_idle	live	True	True	above_200dma_and_slope_60_positive	1.0	0.007832600937113495	0.0	0.5116	0.5004	-0.0568	0.2955391466043693	0.5423500917056736
2025-12-10	shadow_blocked_live_selected	live	True	True	above_200dma_and_slope_60_positive	1.0	0.008451307508914778	0.0	0.5195	0.501	-0.0641	0.30859659292308317	0.5286109681598112
2025-12-11	live_selected_shadow_idle	live	True	True	above_200dma_and_slope_60_positive	1.0	0.007993826040351622	-0.0199	0.5101	0.5004	-0.0553	0.3381954907992084	0.6199412531288311
2025-12-12	live_selected_shadow_idle	live	True	True	above_200dma_and_slope_60_positive	1.0	0.005935501055702108	-0.0856	0.5117	0.5003	-0.0571	0.40221450501225964	0.6809737377851064
2025-12-15	live_selected_shadow_idle	live	True	True	above_200dma_and_slope_60_positive	1.0	0.0063012544009513356	-0.0994	0.5042	0.5001	-0.0497	0.4035789730674342	0.794231599506579
2025-12-16	live_selected_shadow_idle	live	True	True	above_200dma_and_slope_60_positive	1.0	0.005754890889104717	-0.1183	0.4945	0.4996	-0.0405	0.44780875160579536	0.9001333199893029
2025-12-17	live_selected_shadow_idle	live	True	True	above_200dma_and_slope_60_positive	1.0	0.005065903683483164	-0.1448	0.4818	0.4993	-0.0282	0.6085047584592331	1.0472241650173864
2025-12-18	both_selected	shared	True	True	above_200dma_and_slope_60_positive	1.0	0.007163989928518803	-0.0575	0.5464	0.5024	-0.0897	0.4685173828945508	0.8576946502397664
2025-12-19	both_selected	shared	True	True	above_200dma_and_slope_60_positive	1.0	0.008800552239012141	0.0	0.5499	0.5023	-0.0933	0.4632594979817337	0.6706903075364252
2025-12-22	both_selected	shared	True	True	above_200dma_and_slope_60_positive	1.0	0.009409535856298534	0.0	0.5562	0.5023	-0.0995	0.4374344402773338	0.5289779077181702
2025-12-23	shadow_blocked_live_selected	live	True	True	above_200dma_and_slope_60_positive	1.0	0.008702036002070528	-0.0012	0.5497	0.5016	-0.0937	0.4465921373627981	0.46360452522226514
2025-12-24	both_selected	shared	True	True	above_200dma_and_slope_60_positive	1.0	0.00897430658715983	0.0	0.5488	0.5018	-0.0926	0.35722759271146365	0.37969167324006037
2025-12-26	shadow_blocked_live_selected	live	True	True	above_200dma_and_slope_60_positive	1.0	0.007448693443661976	-0.0066	0.521	0.5006	-0.066	0.44049994004500004	0.3416552016347194
2025-12-29	shadow_blocked_live_selected	live	True	True	above_200dma_and_slope_60_positive	1.0	0.007854355413469202	0.0	0.528	0.5011	-0.0725	0.4786833101179815	0.20752793202843556
2025-12-30	live_selected_shadow_idle	live	True	True	above_200dma_and_slope_60_positive	1.0	0.0073895286815390225	-0.0059	0.515	0.5004	-0.0602	0.4892184713575072	0.22072239777242442
2025-12-31	live_selected_shadow_idle	live	True	True	above_200dma_and_slope_60_positive	1.0	0.00669771231022119	-0.0304	0.5068	0.5	-0.0524	0.4536281123978394	0.12750073110240612
2026-01-02	both_selected	shared	True	True	above_200dma_and_slope_60_positive	1.0	0.008830441614502017	0.0	0.5617	0.5027	-0.1047	0.3879905178980432	0.0710797728606809
2026-01-05	shadow_blocked_live_selected	live	True	True	above_200dma_and_slope_60_positive	1.0	0.007710298053010541	-0.0104	0.543	0.5016	-0.087	0.343712992608616	0.17843989523031212
2026-01-06	both_selected	shared	True	True	above_200dma_and_slope_60_positive	1.0	0.009662843813509717	0.0	0.5856	0.5036	-0.1276	0.1047375068800731	0.06641818724355786
2026-01-07	both_selected	shared	True	True	above_200dma_and_slope_60_positive	1.0	0.010430244597205407	-0.0113	0.568	0.5024	-0.1112	0.1276396065780281	0.11253136017178633
2026-01-08	both_selected	shared	True	True	above_200dma_and_slope_60_positive	1.0	0.00880872511563576	-0.0478	0.5669	0.5023	-0.1102	0.20692928781459075	0.15460827856758308
2026-01-09	both_selected	shared	True	True	above_200dma_and_slope_60_positive	1.0	0.010206263900150721	0.0	0.565	0.5026	-0.1081	0.11130430922286338	0.17862011447032344
2026-01-12	both_selected	shared	True	True	above_200dma_and_slope_60_positive	1.0	0.00981466886477298	0.0	0.5571	0.502	-0.1007	0.0791627064196061	0.21869493080141056
2026-01-13	shadow_blocked_live_selected	live	True	True	above_200dma_and_slope_60_positive	1.0	0.008542373894468592	-0.0224	0.5454	0.5013	-0.0897	0.21355688762404967	0.2438706718253434
2026-01-14	shadow_blocked_live_selected	live	True	True	above_200dma_and_slope_60_positive	1.0	0.008317431082418914	-0.0362	0.5364	0.5009	-0.0811	0.24184788852876893	0.2796159884458904
2026-01-15	shadow_blocked_live_selected	live	True	True	above_200dma_and_slope_60_positive	1.0	0.008122955562905387	-0.0267	0.5302	0.5009	-0.0749	0.22288565395534565	0.3832991620108692
2026-01-16	both_selected	shared	True	True	above_200dma_and_slope_60_positive	1.0	0.009733526892316925	0.0	0.5459	0.5019	-0.0896	0.10208131986022573	0.25769816950056
2026-01-20	both_selected	shared	True	True	above_200dma_and_slope_60_positive	1.0	0.010154323203795945	0.0	0.5636	0.5023	-0.1069	0.15328770467679798	0.25268496160637843
2026-01-21	both_selected	shared	True	True	above_200dma_and_slope_60_positive	1.0	0.010542419417626162	0.0	0.554	0.5023	-0.0974	0.07257593435038201	0.1695151100094774
2026-01-22	both_selected	shared	True	True	above_200dma_and_slope_60_positive	1.0	0.00993721780963203	0.0	0.5401	0.5017	-0.0841	0.07694056011018202	
2026-01-23	both_selected	shared	True	True	above_200dma_and_slope_60_positive	1.0	0.009941785542280195	0.0	0.5562	0.502	-0.0998	0.05334669748485221	
2026-01-26	live_selected_shadow_idle	live	True	True	above_200dma_and_slope_60_positive	1.0	0.009358979319059912	-0.0264	0.5194	0.5004	-0.0646	0.07432731167577966	
2026-01-27	shadow_blocked_live_selected	live	True	True	above_200dma_and_slope_60_positive	1.0	0.009890392953857392	0.0	0.5408	0.5016	-0.0848	0.045729354066401884	
2026-01-28	both_selected	shared	True	True	above_200dma_and_slope_60_positive	1.0	0.011071647169658331	0.0	0.5508	0.5021	-0.0944	-0.045304174958661236	
2026-01-29	both_selected	shared	True	True	above_200dma_and_slope_60_positive	1.0	0.01110902896368701	0.0	0.556	0.5021	-0.0995	-0.05374151074718869	
2026-01-30	both_selected	shared	True	True	above_200dma_and_slope_60_positive	1.0	0.009494687395089926	-0.048	0.5716	0.5023	-0.1149	-0.005326820837515123	
2026-02-02	both_selected	shared	True	True	above_200dma_and_slope_60_positive	1.0	0.011618824913415393	0.0	0.5583	0.502	-0.1019	-0.13275467505191407	
2026-02-03	shadow_blocked_live_selected	live	True	True	above_200dma_and_slope_60_positive	1.0	0.009479214510170234	-0.0419	0.5419	0.5012	-0.0863	-0.044511761680009254	
2026-02-04	shadow_blocked_live_selected	live	True	True	above_200dma_and_slope_60_positive	1.0	0.007748912763611138	-0.1334	0.5416	0.5009	-0.0863	0.04652080701218986	
2026-02-05	shadow_blocked_live_selected	live	True	True	above_200dma_and_slope_60_positive	1.0	0.007930221748408635	-0.1254	0.5325	0.5007	-0.0775	-0.032881575318773115	
2026-02-06	shadow_blocked_live_selected	live	True	True	above_200dma_and_slope_60_positive	1.0	0.007392101396330864	-0.0985	0.5309	0.5007	-0.0758	-0.013605602077505607	
2026-02-09	live_selected_shadow_idle	live	True	True	above_200dma_and_slope_60_positive	1.0	0.007734772623052496	-0.124	0.5257	0.5004	-0.0709	0.05113425124266624	
2026-02-10	live_selected_shadow_idle	live	True	True	above_200dma_and_slope_60_positive	1.0	0.0070233082897276445	-0.1474	0.5087	0.4999	-0.0545	0.12174146668829544	
2026-02-11	shadow_blocked_live_selected	live	True	True	above_200dma_and_slope_60_positive	1.0	0.009152282331320356	-0.0627	0.5427	0.5016	-0.0867	-0.012160623577785579	
2026-02-12	both_selected	shared	True	True	above_200dma_and_slope_60_positive	1.0	0.008618227706707164	-0.0544	0.5593	0.502	-0.103	0.029374117994666937	
2026-02-13	shadow_blocked_live_selected	live	True	True	above_200dma_and_slope_60_positive	1.0	0.00885777823667766	-0.0597	0.5518	0.5015	-0.0959	0.07321572137865084	
2026-02-17	shadow_blocked_live_selected	live	True	True	above_200dma_and_slope_60_positive	1.0	0.009322969706913398	-0.0868	0.5335	0.5007	-0.0784	0.15486018272836977	
2026-02-18	shadow_blocked_live_selected	live	True	True	above_200dma_and_slope_60_positive	1.0	0.010372219076374067	-0.0385	0.5507	0.5016	-0.0948	0.09687610784351386	
2026-02-19	live_selected_shadow_idle	live	True	True	above_200dma_and_slope_60_positive	1.0	0.01214635375464749	-0.0467	0.5046	0.4998	-0.0504	0.06450217447338269	
2026-02-20	live_selected_shadow_idle	live	True	True	above_200dma_and_slope_60_positive	1.0	0.01208359550965515	-0.022	0.5121	0.5002	-0.0575	-0.012308240572618812	
2026-02-23	live_selected_shadow_idle	live	True	True	above_200dma_and_slope_60_positive	1.0	0.010520468413776785	-0.0384	0.5132	0.5001	-0.0587	-0.03948023628523134	
2026-02-24	live_selected_shadow_idle	live	True	True	above_200dma_and_slope_60_positive	1.0	0.010358267598972433	-0.0452	0.5139	0.5003	-0.0593	-0.05377864276248434	
2026-02-25	live_selected_shadow_idle	live	True	True	above_200dma_and_slope_60_positive	1.0	0.010370797292314219	-0.0201	0.5058	0.5001	-0.0513	-0.10934732788370483	
2026-02-26	live_selected_shadow_idle	live	True	True	above_200dma_and_slope_60_positive	1.0	0.009396056377240287	-0.0508	0.5011	0.4998	-0.047	-0.14462413720425904	
2026-02-27	live_selected_shadow_idle	live	True	True	above_200dma_and_slope_60_positive	1.0	0.008989453488006024	-0.0581	0.4795	0.499	-0.0262	-0.13373910456509286	
2026-03-03	live_selected_shadow_idle	live	True	True	above_200dma_and_slope_60_positive	1.0	0.008055401922899537	-0.115	0.4786	0.4987	-0.0255	-0.11019805400601901	
2026-03-04	live_selected_shadow_idle	live	True	True	above_200dma_and_slope_60_positive	1.0	0.009499678646652946	-0.0658	0.5023	0.5	-0.048	-0.0821418364962283	
2026-03-05	live_selected_shadow_idle	live	True	True	above_200dma_and_slope_60_positive	1.0	0.008584570014165053	-0.0745	0.5019	0.4996	-0.0479	-0.07759727617636603	
2026-03-06	live_selected_shadow_idle	live	True	True	above_200dma_and_slope_60_positive	1.0	0.006754151080736707	-0.1368	0.5044	0.4995	-0.0505	0.020145887708824528	
2026-03-09	live_selected_shadow_idle	live	True	True	above_200dma_and_slope_60_positive	1.0	0.007221788113244306	-0.0925	0.5173	0.5003	-0.0626	-0.030155195035163618	
2026-03-10	both_selected	shared	True	True	above_200dma_and_slope_60_positive	1.0	0.007072657651640653	-0.0603	0.5249	0.5007	-0.0699	0.008980243026251333	
2026-03-11	live_selected_shadow_idle	live	True	True	above_200dma_and_slope_60_positive	1.0	0.00803983141810057	-0.024	0.517	0.5005	-0.0621	0.006735310869079969	
2026-03-12	live_selected_shadow_idle	live	True	True	above_200dma_and_slope_60_positive	1.0	0.008656220522217595	-0.0551	0.5055	0.4998	-0.0514	0.03759711361761542	
2026-03-13	live_selected_shadow_idle	live	True	True	above_200dma_and_slope_60_positive	1.0	0.009742947533654463	-0.0067	0.5092	0.5003	-0.0545	0.0010090645363014517	
2026-03-16	shadow_blocked_live_selected	live	True	True	above_200dma_and_slope_60_positive	1.0	0.01069873420210216	0.0	0.5226	0.501	-0.0672	0.054006375120865036	
2026-03-17	shadow_blocked_live_selected	live	True	True	above_200dma_and_slope_60_positive	1.0	0.01194141349549307	0.0	0.5206	0.501	-0.0653	-0.011826098521098172	
2026-03-18	live_selected_shadow_idle	live	True	True	above_200dma_and_slope_60_positive	1.0	0.010322271393914706	0.0	0.5099	0.5006	-0.055	-0.009745955196603484	
2026-03-19	shadow_blocked_live_selected	live	True	True	above_200dma_and_slope_60_positive	1.0	0.008553948313768404	-0.0378	0.5303	0.5007	-0.0752	0.02430958331109445	
2026-03-20	live_selected_shadow_idle	live	True	True	above_200dma_and_slope_60_positive	1.0	0.00707665796664938	-0.0841	0.5079	0.5	-0.0535		
2026-03-23	live_selected_shadow_idle	live	True	True	above_200dma_and_slope_60_positive	1.0	0.0063483707666952775	-0.1243	0.5289	0.5006	-0.0739		
2026-03-24	live_selected_shadow_idle	live	True	True	above_200dma_and_slope_60_positive	1.0	0.005364334150293759	-0.1434	0.4696	0.4986	-0.0167		
2026-03-25	live_selected_shadow_idle	live	True	True	above_200dma_and_slope_60_positive	1.0	0.004898401280007973	-0.1725	0.463	0.4983	-0.0104		
2026-03-26	live_selected_shadow_idle	live	True	True	above_200dma_and_slope_60_positive	1.0	0.0031429206398615682	-0.2302	0.4691	0.4984	-0.0164		
2026-03-27	live_selected_shadow_idle	live	True	True	above_200dma_and_slope_60_positive	1.0	0.0033240468804571766	-0.2263	0.4691	0.4986	-0.0161		
2026-03-30	live_selected_shadow_idle	live	True	True	above_200dma_and_slope_60_positive	1.0	0.0020000573470390155	-0.3031	0.4844	0.4989	-0.0311		
2026-03-31	live_selected_shadow_idle	live	True	True	above_200dma_and_slope_60_positive	1.0	0.0011444545525922667	-0.2683	0.4867	0.4992	-0.0331		
2026-04-01	both_selected	shared	True	True	above_200dma_and_slope_60_positive	1.0	0.0027365240169345533	-0.2033	0.5475	0.5017	-0.0915		
2026-04-02	live_selected_shadow_idle	live	True	True	above_200dma_and_slope_60_positive	1.0	0.0010717590756911034	-0.2068	0.5246	0.5006	-0.0697		
2026-04-06	both_selected	shared	True	True	above_200dma_and_slope_60_positive	1.0	0.0017772987263236395	-0.1819	0.5283	0.5009	-0.073		
2026-04-07	live_selected_shadow_idle	live	True	True	above_200dma_and_slope_60_positive	1.0	0.0023960188948852473	-0.1822	0.5016	0.4999	-0.0474		
2026-04-08	both_selected	shared	True	True	above_200dma_and_slope_60_positive	1.0	0.0027390726614269965	-0.1191	0.5206	0.5011	-0.0651		
2026-04-09	shadow_blocked_live_selected	live	True	True	above_200dma_and_slope_60_positive	1.0	0.0032963426220931663	-0.0871	0.5306	0.5011	-0.0751		
2026-04-10	shadow_blocked_live_selected	live	True	True	above_200dma_and_slope_60_positive	1.0	0.0036371337892903365	-0.0891	0.519	0.5006	-0.064		
2026-04-13	live_selected_shadow_idle	live	True	True	above_200dma_and_slope_60_positive	1.0	0.004109333731552785	-0.0762	0.5187	0.5006	-0.0637		
2026-04-14	both_selected	shared	True	True	above_200dma_and_slope_60_positive	1.0	0.005407855718476269	0.0	0.5508	0.5023	-0.0942		
2026-04-15	shadow_blocked_live_selected	live	True	True	above_200dma_and_slope_60_positive	1.0	0.003821386677263927	-0.0203	0.5351	0.5012	-0.0795		
2026-04-16	shadow_blocked_live_selected	live	True	True	above_200dma_and_slope_60_positive	1.0	0.0037548202835231415	-0.0181	0.5229	0.5008	-0.0677		
